web-scraper-order,web-scraper-start-url,product_link,product_link-href,name,price,delivery_time,battery,seller,seller_rating,Color,ram,rom,warranty,overall_rating,camera_rating,battery_rating,display_rating,value_for_money_rating,product_review_link,product_review_link-href
"1546973922-651","https://www.flipkart.com/search?p%5B%5D=facets.brand%255B%255D%3DHonor&sid=tyy%2F4io&otracker=CLP_filters&otracker=nmenu_sub_Electronics_0_Honor&page=2","Add to CompareHonor 84.42,795 Ratings & 708 Reviews4 GB RAM | 32 GB ROM | Expandable Upto 128 GB13.21 cm (5.2 inch) Full HD Display12MP + 12MP | 8MP Front Camera3000 Li-Polymer BatteryARM Hisilicon Kirin 950 - ARM Cortex A72 + ARM Cortex A53 Octa Core 2.3GHz Processor12 Months on handset, 6 Months on battery , 6 Months on charger & 3 Months on data cable₹29,999EMI starting from ₹997/monthOffersNo Cost EMI","https://www.flipkart.com/honor-8/p/itmeuydakfewgvk3?pid=MOBEM38ENZEBZFY5&srno=b_2_40&otracker=CLP_filters&lid=LSTMOBEM38ENZEBZFY5FKD5ZX&fm=organic&iid=fb680797-c5ce-4c90-a716-e025b7298e64.MOBEM38ENZEBZFY5.SEARCH","Honor 8  (4 GB RAM)","₹29,999","4-6 days","3000 Li-Polymer Battery","SuperComNet","4.5","Sapphire Blue","4 GB","32 GB","12 Months on handset, 6 Months on battery , 6 Months on charger & 3 Months on data cable","4.4","4.8","3.8","4.8","4.5","All 708 reviews","https://www.flipkart.com/honor-8/product-reviews/itmeuydakfewgvk3?pid=MOBEM38ENZEBZFY5"
"1546973972-660","https://www.flipkart.com/search?p%5B%5D=facets.brand%255B%255D%3DHonor&sid=tyy%2F4io&otracker=CLP_filters&otracker=nmenu_sub_Electronics_0_Honor&page=2","Add to CompareHonor 8X (Blue, 128 GB)4.533 Ratings & 3 Reviews6 GB RAM | 128 GB ROM |16.51 cm (6.5 inch) Display20MP + 2MP | 16MP Front Camera3750 Battery1 year manufacturer warranty for device and 6 months manufacturer warranty for in-box accessories including batteries and 3 months for Data/USB cable from the date of purchase₹19,490EMI starting from ₹648/month","https://www.flipkart.com/honor-8x-blue-128-gb/p/itmfbj6gcgxukj5n?pid=MOBFBGVVAGETC72X&srno=b_2_31&otracker=CLP_filters&lid=LSTMOBFBGVVAGETC72XHHMY2N&fm=organic&iid=796828d8-468a-43c4-b861-daf8ad9e6595.MOBFBGVVAGETC72X.SEARCH","Honor 8X (Blue, 128 GB)  (6 GB RAM)","₹19,490","13 Jan, Sunday","3750 Battery","VTMSLP","3.9","Blue","6 GB","128 GB","1 year manufacturer warranty for device and 6 months manufacturer warranty for in-box accessories including batteries and 3 months for Data/USB cable from the date of purchase","4.5","null","null","null","null","null",""
"1546973958-657","https://www.flipkart.com/search?p%5B%5D=facets.brand%255B%255D%3DHonor&sid=tyy%2F4io&otracker=CLP_filters&otracker=nmenu_sub_Electronics_0_Honor&page=2","Add to CompareHonor 8 Lite (Black, 64 GB)4.25,005 Ratings & 959 Reviews4 GB RAM | 64 GB ROM | Expandable Upto 128 GB13.21 cm (5.2 inch) Full HD Display12MP Rear Camera | 8MP Front Camera3000 BatteryOcta Core 2.1GHz Processor15 Months on handset, 6 Months on battery , 6 Months on charger & 3 Months on data cable₹11,999EMI starting from ₹399/month","https://www.flipkart.com/honor-8-lite-black-64-gb/p/itmeuhgt3yjedxv2?pid=MOBEUHGTSXWJUCNZ&srno=b_2_34&otracker=CLP_filters&lid=LSTMOBEUHGTSXWJUCNZDNZS9X&fm=organic&iid=20115be6-0d29-4d55-94a5-bcb402b31f10.MOBEUHGTSXWJUCNZ.SEARCH","Honor 8 Lite (Black, 64 GB)  (4 GB RAM)","₹11,999","4-6 days","3000 Battery","RECOM","4.1","Black","4 GB","64 GB","15 Months on handset, 6 Months on battery , 6 Months on charger & 3 Months on data cable","4.2","3.8","3.9","3.1","4.5","All 959 reviews","https://www.flipkart.com/honor-8-lite-black-64-gb/product-reviews/itmeuhgt3yjedxv2?pid=MOBEUHGTSXWJUCNZ"
"1546973906-647","https://www.flipkart.com/search?p%5B%5D=facets.brand%255B%255D%3DHonor&sid=tyy%2F4io&otracker=CLP_filters&otracker=nmenu_sub_Electronics_0_Honor&page=2","Add to CompareHonor Holly 2 Plus (Gold, 16 GB)423,408 Ratings & 3,875 Reviews2 GB RAM | 16 GB ROM | Expandable Upto 128 GB12.7 cm (5 inch) HD Display13MP Rear Camera | 5MP Front Camera4000 Li-Polymer BatteryARM Cortex-A53 MTK MT6735P Quad Core 1.3GHz Processor12 Months on handset, 6 Months on battery , 6 Months on charger & 3 Months on data cable₹8,300EMI starting from ₹276/month","https://www.flipkart.com/honor-holly-2-plus-gold-16-gb/p/itmeuyd9agepadpb?pid=MOBEEVDZZEXAA2GA&srno=b_2_44&otracker=CLP_filters&lid=LSTMOBEEVDZZEXAA2GA4ILK5P&fm=organic&iid=e19d19e0-e026-47b4-ba59-06ee8a5c112d.MOBEEVDZZEXAA2GA.SEARCH","Honor Holly 2 Plus (Gold, 16 GB)  (2 GB RAM)","₹8,300","2 Days, Friday","4000 Li-Polymer Battery","Asthatraders32","2.8","Gold","2 GB","16 GB","12 Months on handset, 6 Months on battery , 6 Months on charger & 3 Months on data cable","4","3.8","4.7","2.3","4.5","All 3875 reviews","https://www.flipkart.com/honor-holly-2-plus-gold-16-gb/product-reviews/itmeuyd9agepadpb?pid=MOBEEVDZZEXAA2GA"
"1546973820-627","https://www.flipkart.com/search?p%5B%5D=facets.brand%255B%255D%3DHonor&sid=tyy%2F4io&otracker=CLP_filters&otracker=nmenu_sub_Electronics_0_Honor&page=3","Out Of StockAdd to CompareHonor 8 Pro (Midnight Black, 128 GB)4.410,870 Ratings & 2,582 Reviews6 GB RAM | 128 GB ROM | Expandable Upto 128 GB14.48 cm (5.7 inch) Quad HD Display12MP + 12MP | 8MP Front Camera4000 BatteryKirin 960 Processor12 Months on handset, 6 Months on battery , 6 Months on charger & 3 Months on data cable₹29,999Up to ₹14,900 Off on ExchangeEMI starting from ₹997/monthOffersNo Cost EMI","https://www.flipkart.com/honor-8-pro-midnight-black-128-gb/p/itmeymafrghbjcpf?pid=MOBEWXHMVYBBMZGJ&srno=b_3_64&otracker=CLP_filters&lid=LSTMOBEWXHMVYBBMZGJPPVISJ&fm=organic&iid=a0352f4c-f8d3-4e4c-83bc-e717901b82a7.MOBEWXHMVYBBMZGJ.SEARCH","Honor 8 Pro (Midnight Black, 128 GB)  (6 GB RAM)","₹29,999","null","4000 Battery","null","null","Midnight Black","6 GB","128 GB","12 Months on handset, 6 Months on battery , 6 Months on charger & 3 Months on data cable","4.4","4.3","4.2","4.6","4.6","All 2582 reviews","https://www.flipkart.com/honor-8-pro-midnight-black-128-gb/product-reviews/itmeymafrghbjcpf?pid=MOBEWXHMVYBBMZGJ"
"1546974090-680","https://www.flipkart.com/search?p%5B%5D=facets.brand%255B%255D%3DHonor&sid=tyy%2F4io&otracker=CLP_filters&otracker=nmenu_sub_Electronics_0_Honor&page=1","ON OFFERAdd to CompareHonor 9N (Robin Egg Blue, 64 GB)4.391,914 Ratings & 10,418 Reviews4 GB RAM | 64 GB ROM | Expandable Upto 256 GB14.83 cm (5.84 inches) Display13MP + 2MP | 16MP Front Camera3000 BatteryKirin 659 Octa Core Processor12 Months on handset, 6 Months on battery , 6 Months on charger & 3 Months on data cable₹11,999₹15,99925% offUp to ₹11,000 Off on ExchangeEMI starting from ₹399/monthOffersNo Cost EMISpecial Price","https://www.flipkart.com/honor-9n-robin-egg-blue-64-gb/p/itmf9pgsehv6nmss?pid=MOBF8D8UNGY2HKKP&srno=b_1_11&otracker=CLP_filters&lid=LSTMOBF8D8UNGY2HKKPR77GQX&fm=organic&iid=2003a021-f0fa-4605-b6d2-2e98543a1985.MOBF8D8UNGY2HKKP.SEARCH","Honor 9N (Robin Egg Blue, 64 GB)  (4 GB RAM)","₹11,999","2 Days, Friday","3000 Battery","IndiFlashMart","4.7","Robin Egg Blue","4 GB","64 GB","12 Months on handset, 6 Months on battery , 6 Months on charger & 3 Months on data cable","4.3","3.8","2.5","4.4","4.6","All 10418 reviews","https://www.flipkart.com/honor-9n-robin-egg-blue-64-gb/product-reviews/itmf9pgsehv6nmss?pid=MOBF8D8UNGY2HKKP"
"1546973945-655","https://www.flipkart.com/search?p%5B%5D=facets.brand%255B%255D%3DHonor&sid=tyy%2F4io&otracker=CLP_filters&otracker=nmenu_sub_Electronics_0_Honor&page=2","Add to CompareHonor Holly 3 (Gold, 16 GB)49,096 Ratings & 1,339 Reviews2 GB RAM | 16 GB ROM | Expandable Upto 128 GB13.97 cm (5.5 inch) HD Display13MP Rear Camera | 8MP Front Camera3000 Li-Polymer BatteryHuawei Kirin 620 Octa Core 1.2GHz Processor12 Months on handset, 6 Months on battery , 6 Months on charger & 3 Months on data cable₹6,050EMI starting from ₹201/month","https://www.flipkart.com/honor-holly-3-gold-16-gb/p/itmf4238mhnvbtyu?pid=MOBEMK73UE5QRDTX&srno=b_2_36&otracker=CLP_filters&lid=LSTMOBEMK73UE5QRDTXLMAE4A&fm=organic&iid=fb6ed998-00cf-4b54-b159-3d8d486b631e.MOBEMK73UE5QRDTX.SEARCH","Honor Holly 3 (Gold, 16 GB)  (2 GB RAM)","₹6,050","3-4 days","3000 Li-Polymer Battery","MobiPedia","3.8","Gold","2 GB","16 GB","12 Months on handset, 6 Months on battery , 6 Months on charger & 3 Months on data cable","4","4.2","3.2","3.8","4.7","All 1339 reviews","https://www.flipkart.com/honor-holly-3-gold-16-gb/product-reviews/itmf4238mhnvbtyu?pid=MOBEMK73UE5QRDTX"
"1546973823-628","https://www.flipkart.com/search?p%5B%5D=facets.brand%255B%255D%3DHonor&sid=tyy%2F4io&otracker=CLP_filters&otracker=nmenu_sub_Electronics_0_Honor&page=3","Out Of StockAdd to CompareHonor View 10 (Midnight Black, 128 GB)4.314 Ratings & 3 Reviews6 GB RAM | 128 GB ROM |15.21 cm (5.99 inch) Display20MP Rear Camera3750 Battery1 Year Manufacturer Warranty₹27,299EMI starting from ₹907/month","https://www.flipkart.com/honor-view-10-midnight-black-128-gb/p/itmf7ujythhuzefs?pid=MOBF7TZ5R3FN29ZV&srno=b_3_63&otracker=CLP_filters&lid=LSTMOBF7TZ5R3FN29ZVFNZ4K7&fm=organic&iid=779eb9b4-c844-4c75-89c0-afd42467b360.MOBF7TZ5R3FN29ZV.SEARCH","Honor View 10 (Midnight Black, 128 GB)  (6 GB RAM)","₹27,299","null","3750 Battery","null","null","Midnight Black","6 GB","128 GB","1 Year Manufacturer Warranty","4.3","null","null","null","null","null",""
"1546974040-671","https://www.flipkart.com/search?p%5B%5D=facets.brand%255B%255D%3DHonor&sid=tyy%2F4io&otracker=CLP_filters&otracker=nmenu_sub_Electronics_0_Honor&page=1","Add to CompareHonor Play (Navy Blue, 64 GB)4.597 Ratings & 19 Reviews6 GB RAM | 64 GB ROM |16.0 cm (6.3 inch) Full HD+ Display16MP + 2MP | 16MP Front Camera3750 BatteryKirin 970 AI Processor1 year manufacturer warranty for device and 6 months manufacturer warranty for in-box accessories including batteries from the date of purchase₹23,890EMI starting from ₹794/month","https://www.flipkart.com/honor-play-navy-blue-64-gb/p/itmf9p9hzjzgcsg7?pid=MOBF8SSD7N59GG4Q&srno=b_1_20&otracker=CLP_filters&lid=LSTMOBF8SSD7N59GG4QAUN2M4&fm=organic&iid=28252ff8-4f82-490c-adad-03c9809d146d.MOBF8SSD7N59GG4Q.SEARCH","Honor Play (Navy Blue, 64 GB)  (6 GB RAM)","₹23,890","3-4 days","3750 Battery","WSETAIL","4.2","Navy Blue","6 GB","64 GB","1 year manufacturer warranty for device and 6 months manufacturer warranty for in-box accessories including batteries from the date of purchase","4.5","null","null","null","null","All 19 reviews","https://www.flipkart.com/honor-play-navy-blue-64-gb/product-reviews/itmf9p9hzjzgcsg7?pid=MOBF8SSD7N59GG4Q"
"1546973897-645","https://www.flipkart.com/search?p%5B%5D=facets.brand%255B%255D%3DHonor&sid=tyy%2F4io&otracker=CLP_filters&otracker=nmenu_sub_Electronics_0_Honor&page=2","Add to CompareHonor Bee 4G (Black, 8 GB)3.8318 Ratings & 52 Reviews1 GB RAM | 8 GB ROM | Expandable Upto 32 GB12.7 cm (5 inch) HD Display8MP Rear Camera2200 BatteryCortex-A53 Processor12 Months on handset, 6 Months on battery , 6 Months on charger & 3 Months on data cable₹6,000EMI starting from ₹200/month","https://www.flipkart.com/honor-bee-4g-black-8-gb/p/itmeuycsgyz7sj2u?pid=MOBFY5Y9T2GBBATM&srno=b_2_46&otracker=CLP_filters&lid=LSTMOBFY5Y9T2GBBATMGLXWYO&fm=organic&iid=52773f64-c916-4032-b199-2d3604ef17b8.MOBFY5Y9T2GBBATM.SEARCH","Honor Bee 4G (Black, 8 GB)  (1 GB RAM)","₹6,000","6-7 days","2200 Battery","shruti group","3.6","Black","1 GB","8 GB","12 Months on handset, 6 Months on battery , 6 Months on charger & 3 Months on data cable","3.8","null","null","null","null","All 52 reviews","https://www.flipkart.com/honor-bee-4g-black-8-gb/product-reviews/itmeuycsgyz7sj2u?pid=MOBFY5Y9T2GBBATM"
"1546973917-650","https://www.flipkart.com/search?p%5B%5D=facets.brand%255B%255D%3DHonor&sid=tyy%2F4io&otracker=CLP_filters&otracker=nmenu_sub_Electronics_0_Honor&page=2","Add to CompareHonor Holly 3 (Black, 32 GB)3.95,942 Ratings & 849 Reviews3 GB RAM | 32 GB ROM | Expandable Upto 128 GB13.97 cm (5.5 inch) HD Display13MP Rear Camera | 8MP Front Camera3000 Li-Polymer BatteryHuawei Kirin 620 Octa Core 1.2GHz Processor12 Months on handset, 6 Months on battery , 6 Months on charger & 3 Months on data cable₹9,999EMI starting from ₹333/month","https://www.flipkart.com/honor-holly-3-black-32-gb/p/itmf4238mhnvbtyu?pid=MOBF3HCHMEZGUXJN&srno=b_2_41&otracker=CLP_filters&lid=LSTMOBF3HCHMEZGUXJNNTV4WL&fm=organic&iid=1032c150-ca07-4d9a-bf8c-230c01ef4c89.MOBF3HCHMEZGUXJN.SEARCH","Honor Holly 3 (Black, 32 GB)  (3 GB RAM)","₹9,999","5-6 days","3000 Li-Polymer Battery","TULSITELECOM","null","Black","3 GB","32 GB","12 Months on handset, 6 Months on battery , 6 Months on charger & 3 Months on data cable","3.9","3.9","2.3","4.6","4.4","All 849 reviews","https://www.flipkart.com/honor-holly-3-black-32-gb/product-reviews/itmf4238mhnvbtyu?pid=MOBF3HCHMEZGUXJN"
"1546973893-644","https://www.flipkart.com/search?p%5B%5D=facets.brand%255B%255D%3DHonor&sid=tyy%2F4io&otracker=CLP_filters&otracker=nmenu_sub_Electronics_0_Honor&page=2","Add to CompareHonor Bee 2 (Black, 8 GB)3.9789 Ratings & 123 Reviews1 GB RAM | 8 GB ROM | Expandable Upto 32 GB11.43 cm (4.5 inch) FWVGA Display5MP Rear Camera | 2MP Front Camera2100 BatteryCortex-A53 Processor12 Months on handset, 6 Months on battery , 6 Months on charger & 3 Months on data cable₹6,599EMI starting from ₹220/month","https://www.flipkart.com/honor-bee-2-black-8-gb/p/itmfy977pxphce6z?pid=MOBFY5NFKJNGJSZX&srno=b_2_47&otracker=CLP_filters&lid=LSTMOBFY5NFKJNGJSZXTQRKXJ&fm=organic&iid=9b15088f-0a7c-456d-9c27-329ffc340ee6.MOBFY5NFKJNGJSZX.SEARCH","Honor Bee 2 (Black, 8 GB)  (1 GB RAM)","₹6,599","5-6 days","2100 Battery","MOBILEDOOTCOM","null","Black","1 GB","8 GB","12 Months on handset, 6 Months on battery , 6 Months on charger & 3 Months on data cable","3.9","null","null","null","null","All 123 reviews","https://www.flipkart.com/honor-bee-2-black-8-gb/product-reviews/itmfy977pxphce6z?pid=MOBFY5NFKJNGJSZX"
"1546973953-656","https://www.flipkart.com/search?p%5B%5D=facets.brand%255B%255D%3DHonor&sid=tyy%2F4io&otracker=CLP_filters&otracker=nmenu_sub_Electronics_0_Honor&page=2","ON OFFERAdd to CompareHonor 6 Plus (Black, 32 GB)3.9708 Ratings & 171 Reviews3 GB RAM | 32 GB ROM | Expandable Upto 128 GB13.97 cm (5.5 inch) Full HD Display8MP + 8MP | 8MP Front Camera3600 BatteryHisilicon Kirin 925 Cortex-A15 + Cortex-A7 Processor12 Months on handset, 6 Months on battery , 6 Months on charger & 3 Months on data cable₹14,999₹26,49943% offUp to ₹14,900 Off on ExchangeEMI starting from ₹499/monthOffersNo Cost EMISpecial Price","https://www.flipkart.com/honor-6-plus-black-32-gb/p/itmeuyd8azmuvpz6?pid=MOBE5DYUDJFNFJFM&srno=b_2_35&otracker=CLP_filters&lid=LSTMOBE5DYUDJFNFJFMJAQFOV&fm=organic&iid=92cd2084-7fc2-4df2-ba0c-7a77aaa92ff1.MOBE5DYUDJFNFJFM.SEARCH","Honor 6 Plus (Black, 32 GB)  (3 GB RAM)","₹14,999","Tomorrow, Thursday","3600 Battery","IndiFlashMart","4.7","Black","3 GB","32 GB","12 Months on handset, 6 Months on battery , 6 Months on charger & 3 Months on data cable","3.9","null","null","null","null","All 171 reviews","https://www.flipkart.com/honor-6-plus-black-32-gb/product-reviews/itmeuyd8azmuvpz6?pid=MOBE5DYUDJFNFJFM"
"1546974108-683","https://www.flipkart.com/search?p%5B%5D=facets.brand%255B%255D%3DHonor&sid=tyy%2F4io&otracker=CLP_filters&otracker=nmenu_sub_Electronics_0_Honor&page=1","ON OFFERAdd to CompareHonor 7S (Black, 16 GB)4.160,774 Ratings & 5,246 Reviews2 GB RAM | 16 GB ROM | Expandable Upto 256 GB13.84 cm (5.45 inch) Display13MP Rear Camera | 5MP Front Camera3020 BatteryMediatek MT6739 Cortex A53 Processor12 Months on Handset, 6 Months on Battery, 6 Months on Charger & 3 Months on Data Cable₹5,999₹8,99933% offUp to ₹5,900 Off on ExchangeEMI starting from ₹200/monthOffersSpecial Price","https://www.flipkart.com/honor-7s-black-16-gb/p/itmf8yjqhu3jwhwc?pid=MOBF8DF2KVHTJ3GG&srno=b_1_8&otracker=CLP_filters&lid=LSTMOBF8DF2KVHTJ3GGS8RW3F&fm=organic&iid=01d116eb-70fe-4a31-b486-72163b1f974f.MOBF8DF2KVHTJ3GG.SEARCH","Honor 7S (Black, 16 GB)  (2 GB RAM)","₹5,999","Tomorrow, Thursday","3020 Battery","IndiFlashMart","4.7","Black","2 GB","16 GB","12 Months on Handset, 6 Months on Battery, 6 Months on Charger & 3 Months on Data Cable","4.1","2.6","2.6","3.1","4.4","All 5246 reviews","https://www.flipkart.com/honor-7s-black-16-gb/product-reviews/itmf8yjqhu3jwhwc?pid=MOBF8DF2KVHTJ3GG"
"1546973933-653","https://www.flipkart.com/search?p%5B%5D=facets.brand%255B%255D%3DHonor&sid=tyy%2F4io&otracker=CLP_filters&otracker=nmenu_sub_Electronics_0_Honor&page=2","Add to CompareHonor 84.42,795 Ratings & 708 Reviews4 GB RAM | 32 GB ROM | Expandable Upto 128 GB13.21 cm (5.2 inch) Full HD Display12MP + 12MP | 8MP Front Camera3000 Li-Polymer BatteryARM Hisilicon Kirin 950 - ARM Cortex A72 + ARM Cortex A53 Octa Core 2.3GHz Processor12 Months on handset, 6 Months on battery , 6 Months on charger & 3 Months on data cable₹19,990EMI starting from ₹664/month","https://www.flipkart.com/honor-8/p/itmeuydakfewgvk3?pid=MOBEM38ESXH5WDFF&srno=b_2_38&otracker=CLP_filters&lid=LSTMOBEM38ESXH5WDFFV9VIP5&fm=organic&iid=19759425-e721-428c-bc9b-956c8e980859.MOBEM38ESXH5WDFF.SEARCH","Honor 8  (4 GB RAM)","₹19,990","5-7 days","3000 Li-Polymer Battery","RGCSLC","2.3","Sunrise Gold","4 GB","32 GB","12 Months on handset, 6 Months on battery , 6 Months on charger & 3 Months on data cable","4.4","4.8","3.8","4.8","4.5","All 708 reviews","https://www.flipkart.com/honor-8/product-reviews/itmeuydakfewgvk3?pid=MOBEM38ESXH5WDFF"
"1546973889-643","https://www.flipkart.com/search?p%5B%5D=facets.brand%255B%255D%3DHonor&sid=tyy%2F4io&otracker=CLP_filters&otracker=nmenu_sub_Electronics_0_Honor&page=2","Add to CompareHonor Bee 4G (Gold, 8 GB)3.8318 Ratings & 52 Reviews1 GB RAM | 8 GB ROM | Expandable Upto 32 GB12.7 cm (5 inch) Display8MP Rear Camera | 2MP Front Camera2200 BatteryCortex-A53 Processor12 Months on handset, 6 Months on battery , 6 Months on charger & 3 Months on data cable₹5,999EMI starting from ₹200/month","https://www.flipkart.com/honor-bee-4g-gold-8-gb/p/itmeteqcdhge9nky?pid=MOBETEZDX3V2QZDG&srno=b_2_48&otracker=CLP_filters&lid=LSTMOBETEZDX3V2QZDG7P1QTO&fm=organic&iid=8c33f511-5f3b-4b48-98e2-ccc8fa341cd4.MOBETEZDX3V2QZDG.SEARCH","Honor Bee 4G (Gold, 8 GB)  (1 GB RAM)","₹5,999","6-7 days","2200 Battery","shruti group","3.6","Gold","1 GB","8 GB","12 Months on handset, 6 Months on battery , 6 Months on charger & 3 Months on data cable","3.8","null","null","null","null","All 52 reviews","https://www.flipkart.com/honor-bee-4g-gold-8-gb/product-reviews/itmeteqcdhge9nky?pid=MOBETEZDX3V2QZDG"
"1546973939-654","https://www.flipkart.com/search?p%5B%5D=facets.brand%255B%255D%3DHonor&sid=tyy%2F4io&otracker=CLP_filters&otracker=nmenu_sub_Electronics_0_Honor&page=2","Add to CompareHonor 7C (Gold, 64 GB)4.2150 Ratings & 13 Reviews4 GB RAM | 64 GB ROM | Expandable Upto 256 GB15.21 cm (5.99 inch) Display13MP + 2MP | 8MP Front Camera3000 BatteryQualcomm SDM450 ProcessorBrand Warranty of 1 Year Available for Mobile and 6 Months for Accessories₹12,999EMI starting from ₹432/month","https://www.flipkart.com/honor-7c-gold-64-gb/p/itmf9w6bne6wgmtg?pid=MOBF3T87SAWXCH5E&srno=b_2_37&otracker=CLP_filters&lid=LSTMOBF3T87SAWXCH5EDVZFYT&fm=organic&iid=45650216-ee12-4bfe-becd-f09ccb9f75dd.MOBF3T87SAWXCH5E.SEARCH","Honor 7C (Gold, 64 GB)  (4 GB RAM)","₹12,999","13 Jan, Sunday","3000 Battery","ONLINEWORLD","4.7","Gold","4 GB","64 GB","Brand Warranty of 1 Year Available for Mobile and 6 Months for Accessories","4.2","null","null","null","null","All 13 reviews","https://www.flipkart.com/honor-7c-gold-64-gb/product-reviews/itmf9w6bne6wgmtg?pid=MOBF3T87SAWXCH5E"
"1546974073-677","https://www.flipkart.com/search?p%5B%5D=facets.brand%255B%255D%3DHonor&sid=tyy%2F4io&otracker=CLP_filters&otracker=nmenu_sub_Electronics_0_Honor&page=1","ON OFFERAdd to CompareHonor 7S (Gold, 16 GB)4.160,774 Ratings & 5,246 Reviews2 GB RAM | 16 GB ROM | Expandable Upto 256 GB13.84 cm (5.45 inch) Display13MP Rear Camera | 5MP Front Camera3020 BatteryMediatek MT6739 Cortex A53 Processor12 Months on Handset, 6 Months on Battery, 6 Months on Charger & 3 Months on Data Cable₹5,999₹8,99933% offUp to ₹5,900 Off on ExchangeEMI starting from ₹200/monthOffersSpecial Price","https://www.flipkart.com/honor-7s-gold-16-gb/p/itmf8df2dgtfzgtb?pid=MOBF8DF2GJ7FSGER&srno=b_1_14&otracker=CLP_filters&lid=LSTMOBF8DF2GJ7FSGERVMNE2W&fm=organic&iid=23f01647-657f-495f-8c03-430c7828db79.MOBF8DF2GJ7FSGER.SEARCH","Honor 7S (Gold, 16 GB)  (2 GB RAM)","₹5,999","Tomorrow, Thursday","3020 Battery","IndiFlashMart","4.7","Gold","2 GB","16 GB","12 Months on Handset, 6 Months on Battery, 6 Months on Charger & 3 Months on Data Cable","4.1","2.6","2.6","3.1","4.4","All 5246 reviews","https://www.flipkart.com/honor-7s-gold-16-gb/product-reviews/itmf8df2dgtfzgtb?pid=MOBF8DF2GJ7FSGER"
"1546974084-679","https://www.flipkart.com/search?p%5B%5D=facets.brand%255B%255D%3DHonor&sid=tyy%2F4io&otracker=CLP_filters&otracker=nmenu_sub_Electronics_0_Honor&page=1","ON OFFERAdd to CompareHonor 9i (Aurora Blue, 64 GB)4.341,414 Ratings & 7,898 Reviews4 GB RAM | 64 GB ROM | Expandable Upto 128 GB14.99 cm (5.9 inch) Full HD+ Display16MP + 2MP | 13MP + 2MP Dual Front Camera3340 BatteryHuawei Kirin 659 Octa Core Clocked up to 2.36 GHz ProcessorFingerprint SensorMetal Unibody Design12 Months on handset, 6 Months on battery , 6 Months on charger & 3 Months on data cable₹11,999₹19,99940% offUp to ₹11,000 Off on ExchangeEMI starting from ₹399/monthOffersNo Cost EMISpecial Price","https://www.flipkart.com/honor-9i-aurora-blue-64-gb/p/itmexnp94kcvdnqw?pid=MOBEXNP92WMQUKHB&srno=b_1_12&otracker=CLP_filters&lid=LSTMOBEXNP92WMQUKHBW0KJNU&fm=organic&iid=956e7e32-191d-4f55-94f5-aa4aa1b05950.MOBEXNP92WMQUKHB.SEARCH","Honor 9i (Aurora Blue, 64 GB)  (4 GB RAM)","₹11,999","Tomorrow, Thursday","3340 Battery","IndiFlashMart","4.7","Aurora Blue","4 GB","64 GB","12 Months on handset, 6 Months on battery , 6 Months on charger & 3 Months on data cable","4.3","4.4","3.6","4.3","4.5","All 7898 reviews","https://www.flipkart.com/honor-9i-aurora-blue-64-gb/product-reviews/itmexnp94kcvdnqw?pid=MOBEXNP92WMQUKHB"
"1546974056-674","https://www.flipkart.com/search?p%5B%5D=facets.brand%255B%255D%3DHonor&sid=tyy%2F4io&otracker=CLP_filters&otracker=nmenu_sub_Electronics_0_Honor&page=1","Add to CompareHonor 7C (Black, 64 GB)4.2150 Ratings & 13 Reviews4 GB RAM | 64 GB ROM | Expandable Upto 256 GB15.21 cm (5.99 inch) Display13MP + 2MP | 8MP Front Camera3000 BatteryQualcomm SDM450 ProcessorBrand Warranty of 1 Year Available for Mobile and 6 Months for Accessories₹11,899EMI starting from ₹396/month","https://www.flipkart.com/honor-7c-black-64-gb/p/itmfaybh5jjzhmpz?pid=MOBF3T87GKAPCQNR&srno=b_1_17&otracker=CLP_filters&lid=LSTMOBF3T87GKAPCQNRDVBUCX&fm=organic&iid=e9b463fb-0521-4592-8b7e-13b4694c2b6e.MOBF3T87GKAPCQNR.SEARCH","Honor 7C (Black, 64 GB)  (4 GB RAM)","₹11,899","15 Jan, Tuesday","3000 Battery","CreativeDealSLP","4.7","Black","4 GB","64 GB","Brand Warranty of 1 Year Available for Mobile and 6 Months for Accessories","4.2","null","null","null","null","All 13 reviews","https://www.flipkart.com/honor-7c-black-64-gb/product-reviews/itmfaybh5jjzhmpz?pid=MOBF3T87GKAPCQNR"
"1546974067-676","https://www.flipkart.com/search?p%5B%5D=facets.brand%255B%255D%3DHonor&sid=tyy%2F4io&otracker=CLP_filters&otracker=nmenu_sub_Electronics_0_Honor&page=1","ON OFFERAdd to CompareHonor 9 Lite (Midnight Black, 32 GB)4.33,87,091 Ratings & 61,097 Reviews3 GB RAM | 32 GB ROM | Expandable Upto 256 GB14.35 cm (5.65 inch) FHD+ Display13MP + 2MP | 13MP + 2MP Dual Front Camera3000 BatteryKirin 659 ProcessorFace UnlockRide Mode12 Months on handset, 6 Months on battery , 6 Months on charger & 3 Months on data cable₹9,999₹13,99928% offUp to ₹9,450 Off on ExchangeEMI starting from ₹333/monthOffersNo Cost EMISpecial Price","https://www.flipkart.com/honor-9-lite-midnight-black-32-gb/p/itmff5zgdeckztpk?pid=MOBFF5ZG7HCKHJCS&srno=b_1_15&otracker=CLP_filters&lid=LSTMOBFF5ZG7HCKHJCSWRP08C&fm=organic&iid=dbbaca07-1d43-4207-bdff-b98345ef2dee.MOBFF5ZG7HCKHJCS.SEARCH","Honor 9 Lite (Midnight Black, 32 GB)  (3 GB RAM)","₹9,999","2 Days, Friday","3000 Battery","IndiFlashMart","4.7","Midnight Black","3 GB","32 GB","12 Months on handset, 6 Months on battery , 6 Months on charger & 3 Months on data cable","4.3","4.0","3.1","4.2","4.7","All 61097 reviews","https://www.flipkart.com/honor-9-lite-midnight-black-32-gb/product-reviews/itmff5zgdeckztpk?pid=MOBFF5ZG7HCKHJCS"
"1546974148-690","https://www.flipkart.com/search?p%5B%5D=facets.brand%255B%255D%3DHonor&sid=tyy%2F4io&otracker=CLP_filters&otracker=nmenu_sub_Electronics_0_Honor&page=1","ON OFFERAdd to CompareHonor 7A (Blue, 32 GB)4.32,15,428 Ratings & 22,721 Reviews3 GB RAM | 32 GB ROM | Expandable Upto 256 GB14.48 cm (5.7 inch) HD+ Display13MP + 2MP | 8.0MP Front Camera3000 BatteryQualcomm Snapdragon Octa Core Processor12 Months on handset, 6 Months on battery, 6 Months on charger & 3 Months on data cable₹7,999₹10,99927% offUp to ₹7,750 Off on ExchangeEMI starting from ₹266/monthOffersSpecial Price","https://www.flipkart.com/honor-7a-blue-32-gb/p/itmf3t8c3bunbspx?pid=MOBF3T87HMFBVGHX&srno=b_1_1&otracker=CLP_filters&lid=LSTMOBF3T87HMFBVGHXG7UMUP&fm=organic&iid=f22d6942-eb21-48de-adde-91f4b8c9d6cb.MOBF3T87HMFBVGHX.SEARCH","Honor 7A (Blue, 32 GB)  (3 GB RAM)","₹7,999","2 Days, Friday","3000 Battery","IndiFlashMart","4.7","Blue","3 GB","32 GB","12 Months on handset, 6 Months on battery, 6 Months on charger & 3 Months on data cable","4.3","3.0","2.4","3.5","4.7","All 22721 reviews","https://www.flipkart.com/honor-7a-blue-32-gb/product-reviews/itmf3t8c3bunbspx?pid=MOBF3T87HMFBVGHX"
"1546973860-637","https://www.flipkart.com/search?p%5B%5D=facets.brand%255B%255D%3DHonor&sid=tyy%2F4io&otracker=CLP_filters&otracker=nmenu_sub_Electronics_0_Honor&page=3","Out Of StockAdd to CompareHonor 6X (Silver, 32 GB)4.313,386 Ratings & 2,784 Reviews3 GB RAM | 32 GB ROM | Expandable Upto 128 GB13.97 cm (5.5 inch) Full HD Display12MP + 2MP | 8MP Front Camera3340 BatteryKirin 655 Processor12 Months on handset, 6 Months on battery , 6 Months on charger & 3 Months on data cable₹11,999Up to ₹11,000 Off on ExchangeEMI starting from ₹399/monthOffersNo Cost EMI","https://www.flipkart.com/honor-6x-silver-32-gb/p/itmexczyddznvhd2?pid=MOBEWA9MFBMZD4Y7&srno=b_3_54&otracker=CLP_filters&lid=LSTMOBEWA9MFBMZD4Y7LZEVQK&fm=organic&iid=816ab966-d7fa-48ac-9080-0bfa3a384c78.MOBEWA9MFBMZD4Y7.SEARCH","Honor 6X (Silver, 32 GB)  (3 GB RAM)","₹11,999","null","3340 Battery","null","null","Silver","3 GB","32 GB","12 Months on handset, 6 Months on battery , 6 Months on charger & 3 Months on data cable","4.3","4.6","4.6","4.4","4.8","All 2784 reviews","https://www.flipkart.com/honor-6x-silver-32-gb/product-reviews/itmexczyddznvhd2?pid=MOBEWA9MFBMZD4Y7"
"1546973847-634","https://www.flipkart.com/search?p%5B%5D=facets.brand%255B%255D%3DHonor&sid=tyy%2F4io&otracker=CLP_filters&otracker=nmenu_sub_Electronics_0_Honor&page=3","Out Of StockAdd to CompareHonor 4X (White, 8 GB)4.323,556 Ratings & 3,616 Reviews2 GB RAM | 8 GB ROM | Expandable Upto 32 GB13.97 cm (5.5 inch) HD Display13MP Rear Camera | 5MP Front Camera3000 BatteryQualcomm Snapdragon 410 MSM8916 64-bit Processor12 Months on handset, 6 Months on battery , 6 Months on charger & 3 Months on data cable₹9,999Up to ₹9,450 Off on ExchangeEMI starting from ₹333/monthOffersNo Cost EMI","https://www.flipkart.com/honor-4x-white-8-gb/p/itmeuyd9vg73gghm?pid=MOBE47FHDNEEPYYW&srno=b_3_57&otracker=CLP_filters&lid=LSTMOBE47FHDNEEPYYWCXEEPY&fm=organic&iid=ef48478a-6d08-4122-a1ef-37761c1eb70a.MOBE47FHDNEEPYYW.SEARCH","Honor 4X (White, 8 GB)  (2 GB RAM)","₹9,999","null","3000 Battery","null","null","White","2 GB","8 GB","12 Months on handset, 6 Months on battery , 6 Months on charger & 3 Months on data cable","4.3","4.4","4.1","4.8","3.7","All 3616 reviews","https://www.flipkart.com/honor-4x-white-8-gb/product-reviews/itmeuyd9vg73gghm?pid=MOBE47FHDNEEPYYW"
"1546974131-687","https://www.flipkart.com/search?p%5B%5D=facets.brand%255B%255D%3DHonor&sid=tyy%2F4io&otracker=CLP_filters&otracker=nmenu_sub_Electronics_0_Honor&page=1","ON OFFERAdd to CompareHonor 9N (Sapphire Blue, 32 GB)4.41,00,572 Ratings & 10,378 Reviews3 GB RAM | 32 GB ROM | Expandable Upto 256 GB14.83 cm (5.84 inches) Display13MP + 2MP | 16MP Front Camera3000 BatteryKirin 659 Octa Core ProcessorFull View Display with Notch12 Months on handset, 6 Months on battery , 6 Months on charger & 3 Months on data cable₹9,999₹13,99928% offUp to ₹9,450 Off on ExchangeEMI starting from ₹333/monthOffersNo Cost EMISpecial Price","https://www.flipkart.com/honor-9n-sapphire-blue-32-gb/p/itmf9pgsehv6nmss?pid=MOBF6NAR36DUGTAG&srno=b_1_4&otracker=CLP_filters&lid=LSTMOBF6NAR36DUGTAGMDQLXY&fm=organic&iid=2394b8ab-7e2f-4be7-8449-a198c7000f3a.MOBF6NAR36DUGTAG.SEARCH","Honor 9N (Sapphire Blue, 32 GB)  (3 GB RAM)","₹9,999","Tomorrow, Thursday","3000 Battery","IndiFlashMart","4.7","Sapphire Blue","3 GB","32 GB","12 Months on handset, 6 Months on battery , 6 Months on charger & 3 Months on data cable","4.4","4.0","2.5","4.4","4.8","All 10378 reviews","https://www.flipkart.com/honor-9n-sapphire-blue-32-gb/product-reviews/itmf9pgsehv6nmss?pid=MOBF6NAR36DUGTAG"
"1546974025-668","https://www.flipkart.com/search?p%5B%5D=facets.brand%255B%255D%3DHonor&sid=tyy%2F4io&otracker=CLP_filters&otracker=nmenu_sub_Electronics_0_Honor&page=1","ON OFFERAdd to CompareHonor 10 (Midnight Black, 128 GB)4.49,282 Ratings & 1,829 Reviews6 GB RAM | 128 GB ROM |14.83 cm (5.84 inch) Full HD+ Display24MP + 16MP | 24MP Front Camera3400 Lithium Polymer BatteryHuawei Kirin 970 ProcessorBrand Warranty of 1 Year Available for Mobile and 6 Months for Accessories₹32,999₹35,9998% offUp to ₹14,900 Off on ExchangeEMI starting from ₹1097/monthOffersNo Cost EMISpecial Price","https://www.flipkart.com/honor-10-midnight-black-128-gb/p/itmf5fzywgspdndz?pid=MOBF49RYHRSCCGBH&srno=b_1_23&otracker=CLP_filters&lid=LSTMOBF49RYHRSCCGBHTBSCO4&fm=organic&iid=377dd188-b441-4339-bff4-6cbb715ae63b.MOBF49RYHRSCCGBH.SEARCH","Honor 10 (Midnight Black, 128 GB)  (6 GB RAM)","₹32,999","Tomorrow, Thursday","3400 Lithium Polymer Battery","IndiFlashMart","4.7","Midnight Black","6 GB","128 GB","Brand Warranty of 1 Year Available for Mobile and 6 Months for Accessories","4.4","4.4","3.6","4.1","4.4","All 1829 reviews","https://www.flipkart.com/honor-10-midnight-black-128-gb/product-reviews/itmf5fzywgspdndz?pid=MOBF49RYHRSCCGBH"
"1546974102-682","https://www.flipkart.com/search?p%5B%5D=facets.brand%255B%255D%3DHonor&sid=tyy%2F4io&otracker=CLP_filters&otracker=nmenu_sub_Electronics_0_Honor&page=1","ON OFFERAdd to CompareHonor 9N (Midnight Black, 128 GB)4.391,914 Ratings & 10,418 Reviews4 GB RAM | 128 GB ROM | Expandable Upto 256 GB14.83 cm (5.84 inches) Display13MP + 2MP | 16MP Front Camera3000 BatteryKirin 659 Octa Core ProcessorFull View Display with Notch12 Months on handset, 6 Months on battery , 6 Months on charger & 3 Months on data cable₹17,999₹19,99910% offEMI starting from ₹598/monthOffersNo Cost EMISpecial Price","https://www.flipkart.com/honor-9n-midnight-black-128-gb/p/itmf9pgsehv6nmss?pid=MOBF6NARRFGSJDME&srno=b_1_9&otracker=CLP_filters&lid=LSTMOBF6NARRFGSJDME0IKF86&fm=organic&iid=1df51447-1055-4378-99e8-f88d2284c552.MOBF6NARRFGSJDME.SEARCH","Honor 9N (Midnight Black, 128 GB)  (4 GB RAM)","₹17,999","Tomorrow, Thursday","3000 Battery","IndiFlashMart","4.7","Midnight Black","4 GB","128 GB","12 Months on handset, 6 Months on battery , 6 Months on charger & 3 Months on data cable","4.3","3.8","2.5","4.4","4.6","All 10418 reviews","https://www.flipkart.com/honor-9n-midnight-black-128-gb/product-reviews/itmf9pgsehv6nmss?pid=MOBF6NARRFGSJDME"
"1546973968-659","https://www.flipkart.com/search?p%5B%5D=facets.brand%255B%255D%3DHonor&sid=tyy%2F4io&otracker=CLP_filters&otracker=nmenu_sub_Electronics_0_Honor&page=2","Add to CompareHonor 8X (Black, 128 GB)4.533 Ratings & 3 Reviews6 GB RAM | 128 GB ROM |16.51 cm (6.5 inch) Display20MP + 2MP | 16MP Front Camera3750 Battery1 year manufacturer warranty for device and 6 months manufacturer warranty for in-box accessories including batteries and 3 months for Data/USB cable from the date of purchase₹19,490EMI starting from ₹648/month","https://www.flipkart.com/honor-8x-black-128-gb/p/itmfbj6gcgxukj5n?pid=MOBFBJYTDSVFZBVZ&srno=b_2_32&otracker=CLP_filters&lid=LSTMOBFBJYTDSVFZBVZTU1ETC&fm=organic&iid=058eaa22-678d-44d2-a4e2-fcf0ded92c12.MOBFBJYTDSVFZBVZ.SEARCH","Honor 8X (Black, 128 GB)  (6 GB RAM)","₹19,490","13 Jan, Sunday","3750 Battery","VTMSLP","3.9","Black","6 GB","128 GB","1 year manufacturer warranty for device and 6 months manufacturer warranty for in-box accessories including batteries and 3 months for Data/USB cable from the date of purchase","4.5","null","null","null","null","null",""
"1546974079-678","https://www.flipkart.com/search?p%5B%5D=facets.brand%255B%255D%3DHonor&sid=tyy%2F4io&otracker=CLP_filters&otracker=nmenu_sub_Electronics_0_Honor&page=1","ON OFFERAdd to CompareHonor 9i (Graphite Black, 64 GB)4.341,414 Ratings & 7,898 Reviews4 GB RAM | 64 GB ROM | Expandable Upto 128 GB14.99 cm (5.9 inch) Full HD+ Display16MP + 2MP | 13MP + 2MP Dual Front Camera3340 BatteryHuawei Kirin 659 Octa Core Clocked up to 2.36 GHz ProcessorFingerprint SensorMetal Unibody Design12 Months on handset, 6 Months on battery , 6 Months on charger & 3 Months on data cable₹11,999₹19,99940% offUp to ₹11,000 Off on ExchangeEMI starting from ₹399/monthOffersNo Cost EMISpecial Price","https://www.flipkart.com/honor-9i-graphite-black-64-gb/p/itmexnp94kcvdnqw?pid=MOBEXNP98SPYXR4J&srno=b_1_13&otracker=CLP_filters&lid=LSTMOBEXNP98SPYXR4JEJ1CG5&fm=organic&iid=d92e443a-356a-4a6d-973a-6390aae32b0e.MOBEXNP98SPYXR4J.SEARCH","Honor 9i (Graphite Black, 64 GB)  (4 GB RAM)","₹11,999","Tomorrow, Thursday","3340 Battery","IndiFlashMart","4.7","Graphite Black","4 GB","64 GB","12 Months on handset, 6 Months on battery , 6 Months on charger & 3 Months on data cable","4.3","4.4","3.6","4.3","4.5","All 7898 reviews","https://www.flipkart.com/honor-9i-graphite-black-64-gb/product-reviews/itmexnp94kcvdnqw?pid=MOBEXNP98SPYXR4J"
"1546973826-629","https://www.flipkart.com/search?p%5B%5D=facets.brand%255B%255D%3DHonor&sid=tyy%2F4io&otracker=CLP_filters&otracker=nmenu_sub_Electronics_0_Honor&page=3","Out Of StockAdd to CompareHonor Bee 2 (White, 8 GB)3.9789 Ratings & 123 Reviews1 GB RAM | 8 GB ROM | Expandable Upto 32 GB11.43 cm (4.5 inch) FWVGA Display5MP Rear Camera | 2MP Front Camera2100 BatteryCortex-A53 Processor12 Months on handset, 6 Months on battery , 6 Months on charger & 3 Months on data cable₹4,199EMI starting from ₹140/month","https://www.flipkart.com/honor-bee-2-white-8-gb/p/itmfy977pxphce6z?pid=MOBFY6FZHC6SPSE3&srno=b_3_62&otracker=CLP_filters&lid=LSTMOBFY6FZHC6SPSE3K9Y3GA&fm=organic&iid=d7b83966-597b-43cd-b7d9-aab49f99e1bc.MOBFY6FZHC6SPSE3.SEARCH","Honor Bee 2 (White, 8 GB)  (1 GB RAM)","₹4,199","null","2100 Battery","null","null","White","1 GB","8 GB","12 Months on handset, 6 Months on battery , 6 Months on charger & 3 Months on data cable","3.9","null","null","null","null","All 123 reviews","https://www.flipkart.com/honor-bee-2-white-8-gb/product-reviews/itmfy977pxphce6z?pid=MOBFY6FZHC6SPSE3"
"1546974051-673","https://www.flipkart.com/search?p%5B%5D=facets.brand%255B%255D%3DHonor&sid=tyy%2F4io&otracker=CLP_filters&otracker=nmenu_sub_Electronics_0_Honor&page=1","Add to CompareHonor 7C (Blue, 64 GB)4.2150 Ratings & 13 Reviews4 GB RAM | 64 GB ROM | Expandable Upto 256 GB15.21 cm (5.99 inch) Display13MP + 2MP | 8MP Front Camera3000 BatteryQualcomm SDM450 ProcessorBrand Warranty of 1 Year Available for Mobile and 6 Months for Accessories₹11,899EMI starting from ₹396/month","https://www.flipkart.com/honor-7c-blue-64-gb/p/itmfaybh5jjzhmpz?pid=MOBF3T87CECXMZQH&srno=b_1_18&otracker=CLP_filters&lid=LSTMOBF3T87CECXMZQHLNBXUV&fm=organic&iid=45cd4e5d-fa7e-4d96-91bf-671fa3114cfd.MOBF3T87CECXMZQH.SEARCH","Honor 7C (Blue, 64 GB)  (4 GB RAM)","₹11,899","Tomorrow, Thursday","3000 Battery","SNAPKART","4.3","Blue","4 GB","64 GB","Brand Warranty of 1 Year Available for Mobile and 6 Months for Accessories","4.2","null","null","null","null","All 13 reviews","https://www.flipkart.com/honor-7c-blue-64-gb/product-reviews/itmfaybh5jjzhmpz?pid=MOBF3T87CECXMZQH"
"1546973830-630","https://www.flipkart.com/search?p%5B%5D=facets.brand%255B%255D%3DHonor&sid=tyy%2F4io&otracker=CLP_filters&otracker=nmenu_sub_Electronics_0_Honor&page=3","Out Of StockAdd to CompareHonor Bee (Black and White, 8 GB)3.924,822 Ratings & 2,504 Reviews1 GB RAM | 8 GB ROM | Expandable Upto 32 GB11.43 cm (4.5 inch) FWVGA Display8MP Rear Camera | 2MP Front Camera1730 BatterySpreadtrum SC7731 Cortex-A7 Processor12 Months on handset, 6 Months on battery , 6 Months on charger & 3 Months on data cable₹4,999Up to ₹4,700 Off on ExchangeEMI starting from ₹167/monthOffersNo Cost EMI","https://www.flipkart.com/honor-bee-black-white-8-gb/p/itmeuyd8fn3qgdkv?pid=MOBE5TZ9EZEH7SNX&srno=b_3_61&otracker=CLP_filters&lid=LSTMOBE5TZ9EZEH7SNXS0RQPQ&fm=organic&iid=f6264854-317d-4b9b-bfd0-a8d4bc988d35.MOBE5TZ9EZEH7SNX.SEARCH","Honor Bee (Black and White, 8 GB)  (1 GB RAM)","₹4,999","null","1730 Battery","null","null","Black and White","1 GB","8 GB","12 Months on handset, 6 Months on battery , 6 Months on charger & 3 Months on data cable","3.9","null","null","null","null","All 2504 reviews","https://www.flipkart.com/honor-bee-black-white-8-gb/product-reviews/itmeuyd8fn3qgdkv?pid=MOBE5TZ9EZEH7SNX"
"1546974136-688","https://www.flipkart.com/search?p%5B%5D=facets.brand%255B%255D%3DHonor&sid=tyy%2F4io&otracker=CLP_filters&otracker=nmenu_sub_Electronics_0_Honor&page=1","ON OFFERAdd to CompareHonor 7A (Black, 32 GB)4.32,15,428 Ratings & 22,721 Reviews3 GB RAM | 32 GB ROM | Expandable Upto 256 GB14.48 cm (5.7 inch) HD+ Display13MP + 2MP | 8.0MP Front Camera3000 BatteryQualcomm Snapdragon Octa Core Processor12 Months on handset, 6 Months on battery, 6 Months on charger & 3 Months on data cable₹7,999₹10,99927% offUp to ₹7,750 Off on ExchangeEMI starting from ₹266/monthOffersSpecial Price","https://www.flipkart.com/honor-7a-black-32-gb/p/itmf3t8c3bunbspx?pid=MOBF3T87KDNMX3GF&srno=b_1_3&otracker=CLP_filters&lid=LSTMOBF3T87KDNMX3GFEA9WIK&fm=organic&iid=c85e9758-a14f-4d01-8860-e41902730e0c.MOBF3T87KDNMX3GF.SEARCH","Honor 7A (Black, 32 GB)  (3 GB RAM)","₹7,999","2 Days, Friday","3000 Battery","IndiFlashMart","4.7","Black","3 GB","32 GB","12 Months on handset, 6 Months on battery, 6 Months on charger & 3 Months on data cable","4.3","3.0","2.4","3.5","4.7","All 22721 reviews","https://www.flipkart.com/honor-7a-black-32-gb/product-reviews/itmf3t8c3bunbspx?pid=MOBF3T87KDNMX3GF"
"1546973963-658","https://www.flipkart.com/search?p%5B%5D=facets.brand%255B%255D%3DHonor&sid=tyy%2F4io&otracker=CLP_filters&otracker=nmenu_sub_Electronics_0_Honor&page=2","Add to CompareHonor 8 Lite (Blue, 64 GB)4.25,005 Ratings & 959 Reviews4 GB RAM | 64 GB ROM |13.21 cm (5.2 inch) Display12MP Rear Camera3000 Battery12 Months on handset, 6 Months on battery , 6 Months on charger & 3 Months on data cable₹11,999EMI starting from ₹399/month","https://www.flipkart.com/honor-8-lite-blue-64-gb/p/itmeuzavzsyzwzjg?pid=MOBEUZAV6TUVYAVP&srno=b_2_33&otracker=CLP_filters&lid=LSTMOBEUZAV6TUVYAVPKLZNCU&fm=organic&iid=c11f06e1-fde2-4be5-b481-bfc3e63bf26d.MOBEUZAV6TUVYAVP.SEARCH","Honor 8 Lite (Blue, 64 GB)  (4 GB RAM)","₹11,999","4-6 days","3000 Battery","RECOM","4.1","Blue","4 GB","64 GB","12 Months on handset, 6 Months on battery , 6 Months on charger & 3 Months on data cable","4.2","3.8","3.9","3.1","4.5","All 959 reviews","https://www.flipkart.com/honor-8-lite-blue-64-gb/product-reviews/itmeuzavzsyzwzjg?pid=MOBEUZAV6TUVYAVP"
"1546974142-689","https://www.flipkart.com/search?p%5B%5D=facets.brand%255B%255D%3DHonor&sid=tyy%2F4io&otracker=CLP_filters&otracker=nmenu_sub_Electronics_0_Honor&page=1","ON OFFERAdd to CompareHonor 7A (Gold, 32 GB)4.32,15,428 Ratings & 22,721 Reviews3 GB RAM | 32 GB ROM | Expandable Upto 256 GB14.48 cm (5.7 inch) HD+ Display13MP + 2MP | 8.0MP Front Camera3000 BatteryQualcomm Snapdragon Octa Core Processor12 Months on handset, 6 Months on battery, 6 Months on charger & 3 Months on data cable₹7,999₹10,99927% offUp to ₹7,750 Off on ExchangeEMI starting from ₹266/monthOffersSpecial Price","https://www.flipkart.com/honor-7a-gold-32-gb/p/itmf3t8c3bunbspx?pid=MOBF3T87G3JWH667&srno=b_1_2&otracker=CLP_filters&lid=LSTMOBF3T87G3JWH667E0EF8U&fm=organic&iid=4044a95e-6312-401c-a06b-5c5c66e75984.MOBF3T87G3JWH667.SEARCH","Honor 7A (Gold, 32 GB)  (3 GB RAM)","₹7,999","2 Days, Friday","3000 Battery","IndiFlashMart","4.7","Gold","3 GB","32 GB","12 Months on handset, 6 Months on battery, 6 Months on charger & 3 Months on data cable","4.3","3.0","2.4","3.5","4.7","All 22721 reviews","https://www.flipkart.com/honor-7a-gold-32-gb/product-reviews/itmf3t8c3bunbspx?pid=MOBF3T87G3JWH667"
"1546973851-635","https://www.flipkart.com/search?p%5B%5D=facets.brand%255B%255D%3DHonor&sid=tyy%2F4io&otracker=CLP_filters&otracker=nmenu_sub_Electronics_0_Honor&page=3","Out Of StockAdd to CompareHonor 6 (White, 16 GB)4.36,122 Ratings & 1,755 Reviews3 GB RAM | 16 GB ROM | Expandable Upto 64 GB12.7 cm (5 inch) Full HD Display13MP Rear Camera | 5MP Front Camera3000 BatteryKirin 920 Processor12 Months on handset, 6 Months on battery , 6 Months on charger & 3 Months on data cable₹14,999Up to ₹13,850 Off on ExchangeEMI starting from ₹499/monthOffersNo Cost EMI","https://www.flipkart.com/honor-6-white-16-gb/p/itmeuyd7vtk4gyvs?pid=MOBDZM5TMHQHGWDD&srno=b_3_56&otracker=CLP_filters&lid=LSTMOBDZM5TMHQHGWDDP535IC&fm=organic&iid=10c2e5a5-4fe0-46ff-9404-092bd9574897.MOBDZM5TMHQHGWDD.SEARCH","Honor 6 (White, 16 GB)  (3 GB RAM)","₹14,999","null","3000 Battery","null","null","White","3 GB","16 GB","12 Months on handset, 6 Months on battery , 6 Months on charger & 3 Months on data cable","4.3","null","null","null","null","All 1755 reviews","https://www.flipkart.com/honor-6-white-16-gb/product-reviews/itmeuyd7vtk4gyvs?pid=MOBDZM5TMHQHGWDD"
"1546974120-685","https://www.flipkart.com/search?p%5B%5D=facets.brand%255B%255D%3DHonor&sid=tyy%2F4io&otracker=CLP_filters&otracker=nmenu_sub_Electronics_0_Honor&page=1","ON OFFERAdd to CompareHonor 9N (Midnight Black, 64 GB)4.391,914 Ratings & 10,418 Reviews4 GB RAM | 64 GB ROM | Expandable Upto 256 GB14.83 cm (5.84 inches) Display13MP + 2MP | 16MP Front Camera3000 BatteryKirin 659 Octa Core ProcessorFull View Display with Notch12 Months on handset, 6 Months on battery , 6 Months on charger & 3 Months on data cable₹11,999₹15,99925% offUp to ₹11,000 Off on ExchangeEMI starting from ₹399/monthOffersNo Cost EMISpecial Price","https://www.flipkart.com/honor-9n-midnight-black-64-gb/p/itmf9pgsehv6nmss?pid=MOBF6NARF4GYZXG9&srno=b_1_6&otracker=CLP_filters&lid=LSTMOBF6NARF4GYZXG9XF6YYF&fm=organic&iid=d33cc949-7496-4ea2-a947-12e90d2ed92f.MOBF6NARF4GYZXG9.SEARCH","Honor 9N (Midnight Black, 64 GB)  (4 GB RAM)","₹11,999","2 Days, Friday","3000 Battery","IndiFlashMart","4.7","Midnight Black","4 GB","64 GB","12 Months on handset, 6 Months on battery , 6 Months on charger & 3 Months on data cable","4.3","3.8","2.5","4.4","4.6","All 10418 reviews","https://www.flipkart.com/honor-9n-midnight-black-64-gb/product-reviews/itmf9pgsehv6nmss?pid=MOBF6NARF4GYZXG9"
"1546973995-664","https://www.flipkart.com/search?p%5B%5D=facets.brand%255B%255D%3DHonor&sid=tyy%2F4io&otracker=CLP_filters&otracker=nmenu_sub_Electronics_0_Honor&page=2","Add to CompareHonor 7X (Gold, 32 GB)4.21,844 Ratings & 189 Reviews4 GB RAM | 32 GB ROM | Expandable Upto 256 GB15.06 cm (5.93 inch) Full HD+ Display16MP + 2MP | 8MP Front Camera3340 BatteryKirin 659 Processor12 Months on handset, 6 Months on battery , 6 Months on charger & 3 Months on data cable₹11,999EMI starting from ₹399/month","https://www.flipkart.com/honor-7x-gold-32-gb/p/itmffrrffc8uytmy?pid=MOBF6NEHA6GRMZ6A&srno=b_2_27&otracker=CLP_filters&lid=LSTMOBF6NEHA6GRMZ6AAMBRFT&fm=organic&iid=008cce29-810d-4ac1-8a17-59ce717e8ee6.MOBF6NEHA6GRMZ6A.SEARCH","Honor 7X (Gold, 32 GB)  (4 GB RAM)","₹11,999","4-6 days","3340 Battery","TechMan","2.7","Gold","4 GB","32 GB","12 Months on handset, 6 Months on battery , 6 Months on charger & 3 Months on data cable","4.2","null","null","null","null","All 189 reviews","https://www.flipkart.com/honor-7x-gold-32-gb/product-reviews/itmffrrffc8uytmy?pid=MOBF6NEHA6GRMZ6A"
"1546973856-636","https://www.flipkart.com/search?p%5B%5D=facets.brand%255B%255D%3DHonor&sid=tyy%2F4io&otracker=CLP_filters&otracker=nmenu_sub_Electronics_0_Honor&page=3","Out Of StockAdd to CompareHonor 6X (Gold, 64 GB)4.39,587 Ratings & 1,997 Reviews4 GB RAM | 64 GB ROM | Expandable Upto 128 GB13.97 cm (5.5 inch) Full HD Display12MP + 2MP | 8MP Front Camera3340 BatteryKirin 655 Processor15 Months on handset, 6 Months on battery , 6 Months on charger & 3 Months on data cable₹13,999Up to ₹13,000 Off on ExchangeEMI starting from ₹465/monthOffersNo Cost EMI","https://www.flipkart.com/honor-6x-gold-64-gb/p/itmexczyddznvhd2?pid=MOBEWA9MRD9QSSTJ&srno=b_3_55&otracker=CLP_filters&lid=LSTMOBEWA9MRD9QSSTJKKCLFQ&fm=organic&iid=658de03f-8050-484d-9b8a-38a5a57023c9.MOBEWA9MRD9QSSTJ.SEARCH","Honor 6X (Gold, 64 GB)  (4 GB RAM)","₹13,999","null","3340 Battery","null","null","Gold","4 GB","64 GB","15 Months on handset, 6 Months on battery , 6 Months on charger & 3 Months on data cable","4.3","4.5","4.4","4.4","4.7","All 1997 reviews","https://www.flipkart.com/honor-6x-gold-64-gb/product-reviews/itmexczyddznvhd2?pid=MOBEWA9MRD9QSSTJ"
"1546974114-684","https://www.flipkart.com/search?p%5B%5D=facets.brand%255B%255D%3DHonor&sid=tyy%2F4io&otracker=CLP_filters&otracker=nmenu_sub_Electronics_0_Honor&page=1","ON OFFERAdd to CompareHonor 7S (Blue, 16 GB)4.160,774 Ratings & 5,246 Reviews2 GB RAM | 16 GB ROM | Expandable Upto 256 GB13.84 cm (5.45 inch) Display13MP Rear Camera | 5MP Front Camera3020 BatteryMediatek MT6739 Cortex A53 Processor12 Months on Handset, 6 Months on Battery, 6 Months on Charger & 3 Months on Data Cable₹5,999₹8,99933% offUp to ₹5,900 Off on ExchangeEMI starting from ₹200/monthOffersSpecial Price","https://www.flipkart.com/honor-7s-blue-16-gb/p/itmf8yjqhu3jwhwc?pid=MOBF8DF2XUVPK4WG&srno=b_1_7&otracker=CLP_filters&lid=LSTMOBF8DF2XUVPK4WG4IXCG2&fm=organic&iid=c215fd85-23b8-4535-a061-18b73ee227f6.MOBF8DF2XUVPK4WG.SEARCH","Honor 7S (Blue, 16 GB)  (2 GB RAM)","₹5,999","Tomorrow, Thursday","3020 Battery","IndiFlashMart","4.7","Blue","2 GB","16 GB","12 Months on Handset, 6 Months on Battery, 6 Months on Charger & 3 Months on Data Cable","4.1","2.6","2.6","3.1","4.4","All 5246 reviews","https://www.flipkart.com/honor-7s-blue-16-gb/product-reviews/itmf8yjqhu3jwhwc?pid=MOBF8DF2XUVPK4WG"
"1546974062-675","https://www.flipkart.com/search?p%5B%5D=facets.brand%255B%255D%3DHonor&sid=tyy%2F4io&otracker=CLP_filters&otracker=nmenu_sub_Electronics_0_Honor&page=1","ON OFFERAdd to CompareHonor 9 Lite (Sapphire Blue, 32 GB)4.33,87,091 Ratings & 61,097 Reviews3 GB RAM | 32 GB ROM | Expandable Upto 256 GB14.35 cm (5.65 inch) FHD+ Display13MP + 2MP | 13MP + 2MP Dual Front Camera3000 BatteryKirin 659 Processor12 Months on handset, 6 Months on battery , 6 Months on charger & 3 Months on data cable₹9,999₹13,99928% offUp to ₹9,450 Off on ExchangeEMI starting from ₹333/monthOffersNo Cost EMISpecial Price","https://www.flipkart.com/honor-9-lite-sapphire-blue-32-gb/p/itmff5zgdeckztpk?pid=MOBFF5ZGAKHCWDWR&srno=b_1_16&otracker=CLP_filters&lid=LSTMOBFF5ZGAKHCWDWRLQEAXD&fm=organic&iid=28b056aa-6b0b-4a28-a053-c4a71a14dd14.MOBFF5ZGAKHCWDWR.SEARCH","Honor 9 Lite (Sapphire Blue, 32 GB)  (3 GB RAM)","₹9,999","2 Days, Friday","3000 Battery","IndiFlashMart","4.7","Sapphire Blue","3 GB","32 GB","12 Months on handset, 6 Months on battery , 6 Months on charger & 3 Months on data cable","4.3","4.0","3.1","4.2","4.7","All 61097 reviews","https://www.flipkart.com/honor-9-lite-sapphire-blue-32-gb/product-reviews/itmff5zgdeckztpk?pid=MOBFF5ZGAKHCWDWR"
"1546973909-648","https://www.flipkart.com/search?p%5B%5D=facets.brand%255B%255D%3DHonor&sid=tyy%2F4io&otracker=CLP_filters&otracker=nmenu_sub_Electronics_0_Honor&page=2","Add to CompareHonor 6 (Black, 16 GB)4.36,122 Ratings & 1,755 Reviews3 GB RAM | 16 GB ROM | Expandable Upto 64 GB12.7 cm (5 inch) Full HD Display13MP Rear Camera | 5MP Front Camera3000 BatteryKirin 920 Processor12 Months on handset, 6 Months on battery , 6 Months on charger & 3 Months on data cable₹8,990EMI starting from ₹299/month","https://www.flipkart.com/honor-6-black-16-gb/p/itmeuyd7vtk4gyvs?pid=MOBDZM5TFZR7EGDQ&srno=b_2_43&otracker=CLP_filters&lid=LSTMOBDZM5TFZR7EGDQUWNAV1&fm=organic&iid=10ad5c49-bf90-47f7-b0f0-ec7c68e2ad94.MOBDZM5TFZR7EGDQ.SEARCH","Honor 6 (Black, 16 GB)  (3 GB RAM)","₹8,990","5-7 days","3000 Battery","RGCSLC","2.3","Black","3 GB","16 GB","12 Months on handset, 6 Months on battery , 6 Months on charger & 3 Months on data cable","4.3","null","null","null","null","All 1755 reviews","https://www.flipkart.com/honor-6-black-16-gb/product-reviews/itmeuyd7vtk4gyvs?pid=MOBDZM5TFZR7EGDQ"
"1546973880-642","https://www.flipkart.com/search?p%5B%5D=facets.brand%255B%255D%3DHonor&sid=tyy%2F4io&otracker=CLP_filters&otracker=nmenu_sub_Electronics_0_Honor&page=3","ON OFFEROut Of StockAdd to CompareHonor Holly 3 (White, 32 GB)3.95,942 Ratings & 849 Reviews3 GB RAM | 32 GB ROM | Expandable Upto 128 GB13.97 cm (5.5 inch) HD Display13MP Rear Camera | 8MP Front Camera3000 Li-Polymer BatteryHuawei Kirin 620 Octa Core 1.2GHz Processor12 Months on handset, 6 Months on battery , 6 Months on charger & 3 Months on data cable₹7,499₹13,99946% offUp to ₹6,500 Off on ExchangeEMI starting from ₹250/monthOffersNo Cost EMISpecial Price","https://www.flipkart.com/honor-holly-3-white-32-gb/p/itmf4238mhnvbtyu?pid=MOBF3HCHRM4AFBAY&srno=b_3_49&otracker=CLP_filters&lid=LSTMOBF3HCHRM4AFBAYEVFMSZ&fm=organic&iid=7d64b681-ec73-4358-9a17-e5168699def9.MOBF3HCHRM4AFBAY.SEARCH","Honor Holly 3 (White, 32 GB)  (3 GB RAM)","₹7,499","null","3000 Li-Polymer Battery","null","null","White","3 GB","32 GB","12 Months on handset, 6 Months on battery , 6 Months on charger & 3 Months on data cable","3.9","3.9","2.3","4.6","4.4","All 849 reviews","https://www.flipkart.com/honor-holly-3-white-32-gb/product-reviews/itmf4238mhnvbtyu?pid=MOBF3HCHRM4AFBAY"
"1546973928-652","https://www.flipkart.com/search?p%5B%5D=facets.brand%255B%255D%3DHonor&sid=tyy%2F4io&otracker=CLP_filters&otracker=nmenu_sub_Electronics_0_Honor&page=2","Add to CompareHonor 84.42,795 Ratings & 708 Reviews4 GB RAM | 32 GB ROM | Expandable Upto 128 GB13.21 cm (5.2 inch) Full HD Display12MP + 12MP | 8MP Front Camera3000 Li-Polymer BatteryARM Hisilicon Kirin 950 - ARM Cortex A72 + ARM Cortex A53 Octa Core 2.3GHz Processor24 Months on handset, 6 Months on battery , 6 Months on charger & 3 Months on data cable₹29,999EMI starting from ₹997/monthOffersNo Cost EMI","https://www.flipkart.com/honor-8/p/itmeuydakfewgvk3?pid=MOBEM38EGGJRGNHR&srno=b_2_39&otracker=CLP_filters&lid=LSTMOBEM38EGGJRGNHRZYTSEW&fm=organic&iid=226db5b7-8b56-4cbf-8ca6-64e045662221.MOBEM38EGGJRGNHR.SEARCH","Honor 8  (4 GB RAM)","₹29,999","4-6 days","3000 Li-Polymer Battery","SuperComNet","4.5","Pearl White","4 GB","32 GB","24 Months on handset, 6 Months on battery , 6 Months on charger & 3 Months on data cable","4.4","4.8","3.8","4.8","4.5","All 708 reviews","https://www.flipkart.com/honor-8/product-reviews/itmeuydakfewgvk3?pid=MOBEM38EGGJRGNHR"
"1546974005-666","https://www.flipkart.com/search?p%5B%5D=facets.brand%255B%255D%3DHonor&sid=tyy%2F4io&otracker=CLP_filters&otracker=nmenu_sub_Electronics_0_Honor&page=2","Add to CompareHonor Holly 3 (Gold, 32 GB)3.95,942 Ratings & 849 Reviews3 GB RAM | 32 GB ROM | Expandable Upto 128 GB13.97 cm (5.5 inch) HD Display13MP Rear Camera | 8MP Front Camera3000 Li-Polymer BatteryHuawei Kirin 620 Octa Core 1.2GHz Processor12 Months on handset, 6 Months on battery , 6 Months on charger & 3 Months on data cable₹8,499EMI starting from ₹283/month","https://www.flipkart.com/honor-holly-3-gold-32-gb/p/itmf4238mhnvbtyu?pid=MOBF3HCH8DKYF6B6&srno=b_2_25&otracker=CLP_filters&lid=LSTMOBF3HCH8DKYF6B6YAIWWA&fm=organic&iid=2272db76-08fe-4b18-be52-891d048ce4b4.MOBF3HCH8DKYF6B6.SEARCH","Honor Holly 3 (Gold, 32 GB)  (3 GB RAM)","₹8,499","9-10 days","3000 Li-Polymer Battery","mobilehub7","3","Gold","3 GB","32 GB","12 Months on handset, 6 Months on battery , 6 Months on charger & 3 Months on data cable","3.9","3.9","2.3","4.6","4.4","All 849 reviews","https://www.flipkart.com/honor-holly-3-gold-32-gb/product-reviews/itmf4238mhnvbtyu?pid=MOBF3HCH8DKYF6B6"
"1546973990-663","https://www.flipkart.com/search?p%5B%5D=facets.brand%255B%255D%3DHonor&sid=tyy%2F4io&otracker=CLP_filters&otracker=nmenu_sub_Electronics_0_Honor&page=2","Add to CompareHonor 7X (Black, 32 GB)4.21,844 Ratings & 189 Reviews4 GB RAM | 32 GB ROM | Expandable Upto 256 GB15.06 cm (5.93 inch) Full HD+ Display16MP + 2MP | 8MP Front Camera3340 Lithium-polymer BatteryKirin 659 Processor12 Months on handset, 6 Months on battery , 6 Months on charger & 3 Months on data cable₹12,722EMI starting from ₹423/month","https://www.flipkart.com/honor-7x-black-32-gb/p/itmffrrffc8uytmy?pid=MOBFFRRFJM5GVGNG&srno=b_2_28&otracker=CLP_filters&lid=LSTMOBFFRRFJM5GVGNG3AKKVK&fm=organic&iid=90f16a03-92e4-4303-9a4f-0385a73e47db.MOBFFRRFJM5GVGNG.SEARCH","Honor 7X (Black, 32 GB)  (4 GB RAM)","₹12,695","3-4 days","3340 Lithium-polymer Battery","AmoghindiaSLP","4.2","Black","4 GB","32 GB","12 Months on handset, 6 Months on battery , 6 Months on charger & 3 Months on data cable","4.2","null","null","null","null","All 189 reviews","https://www.flipkart.com/honor-7x-black-32-gb/product-reviews/itmffrrffc8uytmy?pid=MOBFFRRFJM5GVGNG"
"1546974000-665","https://www.flipkart.com/search?p%5B%5D=facets.brand%255B%255D%3DHonor&sid=tyy%2F4io&otracker=CLP_filters&otracker=nmenu_sub_Electronics_0_Honor&page=2","Add to CompareHonor 9N (Purple, 32 GB)4.41,00,572 Ratings & 10,378 Reviews3 GB RAM | 32 GB ROM | Expandable Upto 256 GB14.83 cm (5.84 inches) Display13MP + 2MP | 16MP Front Camera3000 BatteryKirin 659 Octa Core Processor12 Months on handset, 6 Months on battery , 6 Months on charger & 3 Months on data cable₹12,500EMI starting from ₹416/month","https://www.flipkart.com/honor-9n-purple-32-gb/p/itmf8d8u4xezkjgr?pid=MOBF8D8UH7ZGT9NH&srno=b_2_26&otracker=CLP_filters&lid=LSTMOBF8D8UH7ZGT9NHBLEFNJ&fm=organic&iid=54d45338-f554-4190-aed9-c10478d09162.MOBF8D8UH7ZGT9NH.SEARCH","Honor 9N (Purple, 32 GB)  (3 GB RAM)","₹12,500","null","3000 Battery","MODERNMOBILEANDELECTRO","null","Purple","3 GB","32 GB","12 Months on handset, 6 Months on battery , 6 Months on charger & 3 Months on data cable","4.4","4.0","2.5","4.4","4.8","All 10378 reviews","https://www.flipkart.com/honor-9n-purple-32-gb/product-reviews/itmf8d8u4xezkjgr?pid=MOBF8D8UH7ZGT9NH"
"1546973984-662","https://www.flipkart.com/search?p%5B%5D=facets.brand%255B%255D%3DHonor&sid=tyy%2F4io&otracker=CLP_filters&otracker=nmenu_sub_Electronics_0_Honor&page=2","Add to CompareHonor 8 Smart (Black, 16 GB)4.1495 Ratings & 93 Reviews2 GB RAM | 16 GB ROM | Expandable Upto 128 GB13.21 cm (5.2 inch) Full HD Display13MP Rear Camera | 8MP Front Camera3000 BatteryARM Kirin 650 64-bit ARM A53 Octa Core 2GHz Processor12 Months on handset, 6 Months on battery , 6 Months on charger & 3 Months on data cable₹8,999EMI starting from ₹299/month","https://www.flipkart.com/honor-8-smart-black-16-gb/p/itmeuyd8pwzwz6da?pid=MOBEZYYFDNVZDX4J&srno=b_2_29&otracker=CLP_filters&lid=LSTMOBEZYYFDNVZDX4J0NDAWX&fm=organic&iid=c60c8f53-9373-41c6-a21c-e4727cb441b9.MOBEZYYFDNVZDX4J.SEARCH","Honor 8 Smart (Black, 16 GB)  (2 GB RAM)","₹8,999","5-6 days","3000 Battery","Taksh Enterprise","null","Black","2 GB","16 GB","12 Months on handset, 6 Months on battery , 6 Months on charger & 3 Months on data cable","4.1","null","null","null","null","All 93 reviews","https://www.flipkart.com/honor-8-smart-black-16-gb/product-reviews/itmeuyd8pwzwz6da?pid=MOBEZYYFDNVZDX4J"
"1546973872-640","https://www.flipkart.com/search?p%5B%5D=facets.brand%255B%255D%3DHonor&sid=tyy%2F4io&otracker=CLP_filters&otracker=nmenu_sub_Electronics_0_Honor&page=3","Out Of StockAdd to CompareHonor Holly 2 Plus (White, 16 GB)423,408 Ratings & 3,875 Reviews2 GB RAM | 16 GB ROM | Expandable Upto 128 GB12.7 cm (5 inch) HD Display13MP Rear Camera | 5MP Front Camera4000 Li-Polymer BatteryARM Cortex-A53 MTK MT6735P Quad Core 1.3GHz Processor12 Months on handset, 6 Months on battery , 6 Months on charger & 3 Months on data cable₹8,499Up to ₹8,000 Off on ExchangeEMI starting from ₹283/monthOffersNo Cost EMI","https://www.flipkart.com/honor-holly-2-plus-white-16-gb/p/itmezqa6aqgquxbs?pid=MOBEEVDZVMPWFZPV&srno=b_3_51&otracker=CLP_filters&lid=LSTMOBEEVDZVMPWFZPVSMWOGQ&fm=organic&iid=07fbf1fc-08fa-411a-ad38-3f0e6f077c28.MOBEEVDZVMPWFZPV.SEARCH","Honor Holly 2 Plus (White, 16 GB)  (2 GB RAM)","₹8,499","null","4000 Li-Polymer Battery","null","null","White","2 GB","16 GB","12 Months on handset, 6 Months on battery , 6 Months on charger & 3 Months on data cable","4","3.8","4.7","2.3","4.5","All 3875 reviews","https://www.flipkart.com/honor-holly-2-plus-white-16-gb/product-reviews/itmezqa6aqgquxbs?pid=MOBEEVDZVMPWFZPV"
"1546973979-661","https://www.flipkart.com/search?p%5B%5D=facets.brand%255B%255D%3DHonor&sid=tyy%2F4io&otracker=CLP_filters&otracker=nmenu_sub_Electronics_0_Honor&page=2","ON OFFERAdd to CompareHonor 9N (Sapphire Blue, 128 GB)4.391,914 Ratings & 10,418 Reviews4 GB RAM | 128 GB ROM | Expandable Upto 256 GB14.83 cm (5.84 inches) Display13MP + 2MP | 16MP Front Camera3000 BatteryKirin 659 Octa Core ProcessorFull View Display with Notch12 Months on handset, 6 Months on battery , 6 Months on charger & 3 Months on data cable₹17,999₹19,99910% offUp to ₹14,900 Off on ExchangeEMI starting from ₹598/monthOffersNo Cost EMISpecial Price","https://www.flipkart.com/honor-9n-sapphire-blue-128-gb/p/itmf9pgsehv6nmss?pid=MOBF6NARCJHKAJDG&srno=b_2_30&otracker=CLP_filters&lid=LSTMOBF6NARCJHKAJDG4YXS7T&fm=organic&iid=0b27ac0c-e71a-4fce-bfaf-1709328ff073.MOBF6NARCJHKAJDG.SEARCH","Honor 9N (Sapphire Blue, 128 GB)  (4 GB RAM)","₹17,999","2 Days, Friday","3000 Battery","IndiFlashMart","4.7","Sapphire Blue","4 GB","128 GB","12 Months on handset, 6 Months on battery , 6 Months on charger & 3 Months on data cable","4.3","3.8","2.5","4.4","4.6","All 10418 reviews","https://www.flipkart.com/honor-9n-sapphire-blue-128-gb/product-reviews/itmf9pgsehv6nmss?pid=MOBF6NARCJHKAJDG"
"1546974019-667","https://www.flipkart.com/search?p%5B%5D=facets.brand%255B%255D%3DHonor&sid=tyy%2F4io&otracker=CLP_filters&otracker=nmenu_sub_Electronics_0_Honor&page=1","Add to CompareHonor 7X (Black, 64 GB)4.21,844 Ratings & 189 Reviews4 GB RAM | 64 GB ROM | Expandable Upto 256 GB15.06 cm (5.93 inch) Full HD+ Display16MP + 2MP | 8MP Front Camera3340 Lithium-polymer BatteryKirin 659 Processor12 Months on handset, 6 Months on battery , 6 Months on charger & 3 Months on data cable₹16,495EMI starting from ₹548/month","https://www.flipkart.com/honor-7x-black-64-gb/p/itmffrrffc8uytmy?pid=MOBFFRRFRYCFDBQM&srno=b_1_24&otracker=CLP_filters&lid=LSTMOBFFRRFRYCFDBQMUITU8H&fm=organic&iid=518a45cf-11ec-4351-93a4-170877f7b177.MOBFFRRFRYCFDBQM.SEARCH","Honor 7X (Black, 64 GB)  (4 GB RAM)","₹16,495","13 Jan, Sunday","3340 Lithium-polymer Battery","ONLINEWORLD","4.7","Black","4 GB","64 GB","12 Months on handset, 6 Months on battery , 6 Months on charger & 3 Months on data cable","4.2","null","null","null","null","All 189 reviews","https://www.flipkart.com/honor-7x-black-64-gb/product-reviews/itmffrrffc8uytmy?pid=MOBFFRRFRYCFDBQM"
"1546973865-638","https://www.flipkart.com/search?p%5B%5D=facets.brand%255B%255D%3DHonor&sid=tyy%2F4io&otracker=CLP_filters&otracker=nmenu_sub_Electronics_0_Honor&page=3","Out Of StockAdd to CompareHonor 6X (Grey, 32 GB)4.313,386 Ratings & 2,784 Reviews3 GB RAM | 32 GB ROM | Expandable Upto 128 GB13.97 cm (5.5 inch) Full HD Display12MP + 2MP | 8MP Front Camera3340 BatteryKirin 655 Processor12 Months on handset, 6 Months on battery , 6 Months on charger & 3 Months on data cable₹11,999Up to ₹11,000 Off on ExchangeEMI starting from ₹399/monthOffersNo Cost EMI","https://www.flipkart.com/honor-6x-grey-32-gb/p/itmexczyddznvhd2?pid=MOBEWA9MA5HCNFN6&srno=b_3_53&otracker=CLP_filters&lid=LSTMOBEWA9MA5HCNFN6JQA20L&fm=organic&iid=ec31779d-cb9a-46e7-9bde-28a884fded89.MOBEWA9MA5HCNFN6.SEARCH","Honor 6X (Grey, 32 GB)  (3 GB RAM)","₹11,999","null","3340 Battery","null","null","Grey","3 GB","32 GB","12 Months on handset, 6 Months on battery , 6 Months on charger & 3 Months on data cable","4.3","4.6","4.6","4.4","4.8","All 2784 reviews","https://www.flipkart.com/honor-6x-grey-32-gb/product-reviews/itmexczyddznvhd2?pid=MOBEWA9MA5HCNFN6"
"1546974036-670","https://www.flipkart.com/search?p%5B%5D=facets.brand%255B%255D%3DHonor&sid=tyy%2F4io&otracker=CLP_filters&otracker=nmenu_sub_Electronics_0_Honor&page=1","Add to CompareHonor Holly 3 (Black, 16 GB)49,096 Ratings & 1,339 Reviews2 GB RAM | 16 GB ROM | Expandable Upto 128 GB13.97 cm (5.5 inch) HD Display13MP Rear Camera | 8MP Front Camera3000 Li-Polymer BatteryHuawei Kirin 620 Octa Core 1.2GHz Processor12 Months on handset, 6 Months on battery , 6 Months on charger & 3 Months on data cable₹6,090EMI starting from ₹203/month","https://www.flipkart.com/honor-holly-3-black-16-gb/p/itmeuydawhjeyvr9?pid=MOBEMK73JSBAPNKK&srno=b_1_21&otracker=CLP_filters&lid=LSTMOBEMK73JSBAPNKKOJGDA9&fm=organic&iid=7cc0af9e-1305-4569-9b87-91e126a20a85.MOBEMK73JSBAPNKK.SEARCH","Honor Holly 3 (Black, 16 GB)  (2 GB RAM)","₹6,090","2 Days, Friday","3000 Li-Polymer Battery","VTMSLP","3.9","Black","2 GB","16 GB","12 Months on handset, 6 Months on battery , 6 Months on charger & 3 Months on data cable","4","4.2","3.2","3.8","4.7","All 1339 reviews","https://www.flipkart.com/honor-holly-3-black-16-gb/product-reviews/itmeuydawhjeyvr9?pid=MOBEMK73JSBAPNKK"
"1546973913-649","https://www.flipkart.com/search?p%5B%5D=facets.brand%255B%255D%3DHonor&sid=tyy%2F4io&otracker=CLP_filters&otracker=nmenu_sub_Electronics_0_Honor&page=2","Add to CompareHonor 7X (Red, 32 GB)4.21,844 Ratings & 189 Reviews4 GB RAM | 32 GB ROM | Expandable Upto 256 GB15.06 cm (5.93 inch) Full HD+ Display16MP + 2MP | 8MP Front Camera3340 BatteryKirin 659 Processor12 Months on handset, 6 Months on battery , 6 Months on charger & 3 Months on data cable₹14,500EMI starting from ₹482/month","https://www.flipkart.com/honor-7x-red-32-gb/p/itmffrrffc8uytmy?pid=MOBF6NEHTP4WVBUJ&srno=b_2_42&otracker=CLP_filters&lid=LSTMOBF6NEHTP4WVBUJPJUX3A&fm=organic&iid=08a42e46-c982-4546-a9b5-ec362a61566b.MOBF6NEHTP4WVBUJ.SEARCH","Honor 7X (Red, 32 GB)  (4 GB RAM)","₹14,500","null","3340 Battery","MODERNMOBILEANDELECTRO","null","Red","4 GB","32 GB","12 Months on handset, 6 Months on battery , 6 Months on charger & 3 Months on data cable","4.2","null","null","null","null","All 189 reviews","https://www.flipkart.com/honor-7x-red-32-gb/product-reviews/itmffrrffc8uytmy?pid=MOBF6NEHTP4WVBUJ"
"1546974125-686","https://www.flipkart.com/search?p%5B%5D=facets.brand%255B%255D%3DHonor&sid=tyy%2F4io&otracker=CLP_filters&otracker=nmenu_sub_Electronics_0_Honor&page=1","ON OFFERAdd to CompareHonor 9N (Midnight Black, 32 GB)4.41,00,572 Ratings & 10,378 Reviews3 GB RAM | 32 GB ROM | Expandable Upto 256 GB14.83 cm (5.84 inches) Display13MP + 2MP | 16MP Front Camera3000 BatteryKirin 659 Octa Core ProcessorFull View Display with Notch12 Months on handset, 6 Months on battery , 6 Months on charger & 3 Months on data cable₹9,999₹13,99928% offUp to ₹9,450 Off on ExchangeEMI starting from ₹333/monthOffersNo Cost EMISpecial Price","https://www.flipkart.com/honor-9n-midnight-black-32-gb/p/itmf9pgsehv6nmss?pid=MOBF6NARV3GCYNYA&srno=b_1_5&otracker=CLP_filters&lid=LSTMOBF6NARV3GCYNYA7DQRLX&fm=organic&iid=bc6aa65c-35d8-4148-bbdc-86c917f283d5.MOBF6NARV3GCYNYA.SEARCH","Honor 9N (Midnight Black, 32 GB)  (3 GB RAM)","₹9,999","Tomorrow, Thursday","3000 Battery","IndiFlashMart","4.7","Midnight Black","3 GB","32 GB","12 Months on handset, 6 Months on battery , 6 Months on charger & 3 Months on data cable","4.4","4.0","2.5","4.4","4.8","All 10378 reviews","https://www.flipkart.com/honor-9n-midnight-black-32-gb/product-reviews/itmf9pgsehv6nmss?pid=MOBF6NARV3GCYNYA"
"1546973811-625","https://www.flipkart.com/search?p%5B%5D=facets.brand%255B%255D%3DHonor&sid=tyy%2F4io&otracker=CLP_filters&otracker=nmenu_sub_Electronics_0_Honor&page=3","Out Of StockAdd to CompareHonor 5X (Grey, 16 GB)4.118,368 Ratings & 3,373 Reviews2 GB RAM | 16 GB ROM | Expandable Upto 128 GB13.97 cm (5.5 inch) Full HD Display13MP Rear Camera | 5MP Front Camera3000 Li-Polymer BatteryQualcomm Snapdragon 616 MSM8939V2 Processor12 Months on handset, 6 Months on battery , 6 Months on charger & 3 Months on data cable₹12,999Up to ₹12,250 Off on ExchangeEMI starting from ₹432/monthOffersNo Cost EMI","https://www.flipkart.com/honor-5x-grey-16-gb/p/itmeuyd9bghhdx9b?pid=MOBEEVHDPYFDWSEM&srno=b_3_66&otracker=CLP_filters&lid=LSTMOBEEVHDPYFDWSEMSYCIIC&fm=organic&iid=7a9bac0f-922c-4846-a399-02ccc5d1568d.MOBEEVHDPYFDWSEM.SEARCH","Honor 5X (Grey, 16 GB)  (2 GB RAM)","₹12,999","null","3000 Li-Polymer Battery","null","null","Grey","2 GB","16 GB","12 Months on handset, 6 Months on battery , 6 Months on charger & 3 Months on data cable","4.1","4.7","4.3","4.5","4.7","All 3373 reviews","https://www.flipkart.com/honor-5x-grey-16-gb/product-reviews/itmeuyd9bghhdx9b?pid=MOBEEVHDPYFDWSEM"
"1546974030-669","https://www.flipkart.com/search?p%5B%5D=facets.brand%255B%255D%3DHonor&sid=tyy%2F4io&otracker=CLP_filters&otracker=nmenu_sub_Electronics_0_Honor&page=1","Add to CompareHonor 7X (Blue, 64 GB)4.21,844 Ratings & 189 Reviews4 GB RAM | 64 GB ROM | Expandable Upto 256 GB15.06 cm (5.93 inch) Full HD+ Display16MP + 2MP | 8MP Front Camera3340 Lithium-polymer BatteryKirin 659 Processor12 Months on handset, 6 Months on battery , 6 Months on charger & 3 Months on data cable₹14,950EMI starting from ₹497/month","https://www.flipkart.com/honor-7x-blue-64-gb/p/itmffrrffc8uytmy?pid=MOBFFRRFYDZPZA3G&srno=b_1_22&otracker=CLP_filters&lid=LSTMOBFFRRFYDZPZA3G7SRVLZ&fm=organic&iid=fd154f90-ed8b-404a-a17c-ec6f7ee20144.MOBFFRRFYDZPZA3G.SEARCH","Honor 7X (Blue, 64 GB)  (4 GB RAM)","₹14,950","Tomorrow, Thursday","3340 Lithium-polymer Battery","Kineta","4.4","Blue","4 GB","64 GB","12 Months on handset, 6 Months on battery , 6 Months on charger & 3 Months on data cable","4.2","null","null","null","null","All 189 reviews","https://www.flipkart.com/honor-7x-blue-64-gb/product-reviews/itmffrrffc8uytmy?pid=MOBFFRRFYDZPZA3G"
"1546973868-639","https://www.flipkart.com/search?p%5B%5D=facets.brand%255B%255D%3DHonor&sid=tyy%2F4io&otracker=CLP_filters&otracker=nmenu_sub_Electronics_0_Honor&page=3","Out Of StockAdd to CompareHonor 6X (Silver, 64 GB)4.39,587 Ratings & 1,997 Reviews4 GB RAM | 64 GB ROM | Expandable Upto 128 GB13.97 cm (5.5 inch) Full HD Display12MP + 2MP | 8MP Front Camera3340 BatteryKirin 655 Processor12 Months on handset, 6 Months on battery , 6 Months on charger & 3 Months on data cable₹13,999Up to ₹13,000 Off on ExchangeEMI starting from ₹465/monthOffersNo Cost EMI","https://www.flipkart.com/honor-6x-silver-64-gb/p/itmexczyddznvhd2?pid=MOBEWA9MCCHK9MRS&srno=b_3_52&otracker=CLP_filters&lid=LSTMOBEWA9MCCHK9MRSVZCCVL&fm=organic&iid=d2f18276-f644-4dbb-8e11-b2860a8ef45d.MOBEWA9MCCHK9MRS.SEARCH","Honor 6X (Silver, 64 GB)  (4 GB RAM)","₹13,999","null","3340 Battery","null","null","Silver","4 GB","64 GB","12 Months on handset, 6 Months on battery , 6 Months on charger & 3 Months on data cable","4.3","4.5","4.4","4.4","4.7","All 1997 reviews","https://www.flipkart.com/honor-6x-silver-64-gb/product-reviews/itmexczyddznvhd2?pid=MOBEWA9MCCHK9MRS"
"1546973843-633","https://www.flipkart.com/search?p%5B%5D=facets.brand%255B%255D%3DHonor&sid=tyy%2F4io&otracker=CLP_filters&otracker=nmenu_sub_Electronics_0_Honor&page=3","Out Of StockAdd to CompareHonor 4X (Gold, 8 GB)4.323,556 Ratings & 3,616 Reviews2 GB RAM | 8 GB ROM | Expandable Upto 32 GB13.97 cm (5.5 inch) HD Display13MP Rear Camera | 5MP Front Camera3000 BatteryQualcomm Snapdragon 410 MSM8916 Processor12 Months on handset, 6 Months on battery , 6 Months on charger & 3 Months on data cable₹10,499Up to ₹9,450 Off on ExchangeEMI starting from ₹349/monthOffersNo Cost EMI","https://www.flipkart.com/honor-4x-gold-8-gb/p/itmeuyd9vg73gghm?pid=MOBE5KZJMPQHPTN2&srno=b_3_58&otracker=CLP_filters&lid=LSTMOBE5KZJMPQHPTN23XH6AN&fm=organic&iid=84edb0f6-6d0b-49d0-bb1d-dc2b93194254.MOBE5KZJMPQHPTN2.SEARCH","Honor 4X (Gold, 8 GB)  (2 GB RAM)","₹10,499","null","3000 Battery","null","null","Gold","2 GB","8 GB","12 Months on handset, 6 Months on battery , 6 Months on charger & 3 Months on data cable","4.3","4.4","4.1","4.8","3.7","All 3616 reviews","https://www.flipkart.com/honor-4x-gold-8-gb/product-reviews/itmeuyd9vg73gghm?pid=MOBE5KZJMPQHPTN2"
"1546973815-626","https://www.flipkart.com/search?p%5B%5D=facets.brand%255B%255D%3DHonor&sid=tyy%2F4io&otracker=CLP_filters&otracker=nmenu_sub_Electronics_0_Honor&page=3","ON OFFEROut Of StockAdd to CompareHonor 5X (Silver, 16 GB)4.118,368 Ratings & 3,373 Reviews2 GB RAM | 16 GB ROM | Expandable Upto 128 GB13.97 cm (5.5 inch) Full HD Display13MP Rear Camera | 5MP Front Camera3000 Li-Polymer BatteryQualcomm Snapdragon 616 MSM8939V2 Processor12 Months on handset, 6 Months on battery , 6 Months on charger & 3 Months on data cable₹8,999₹12,99930% offUp to ₹8,500 Off on ExchangeEMI starting from ₹299/monthOffersNo Cost EMISpecial Price","https://www.flipkart.com/honor-5x-silver-16-gb/p/itmeuyd9bghhdx9b?pid=MOBEEVHDEAQZEPQ3&srno=b_3_65&otracker=CLP_filters&lid=LSTMOBEEVHDEAQZEPQ3YU00TO&fm=organic&iid=5b9b1735-dfe1-4a15-a4a5-5dc5e8f36c52.MOBEEVHDEAQZEPQ3.SEARCH","Honor 5X (Silver, 16 GB)  (2 GB RAM)","₹8,999","null","3000 Li-Polymer Battery","null","null","Silver","2 GB","16 GB","12 Months on handset, 6 Months on battery , 6 Months on charger & 3 Months on data cable","4.1","4.7","4.3","4.5","4.7","All 3373 reviews","https://www.flipkart.com/honor-5x-silver-16-gb/product-reviews/itmeuyd9bghhdx9b?pid=MOBEEVHDEAQZEPQ3"
"1546973806-624","https://www.flipkart.com/search?p%5B%5D=facets.brand%255B%255D%3DHonor&sid=tyy%2F4io&otracker=CLP_filters&otracker=nmenu_sub_Electronics_0_Honor&page=3","Add to CompareHonor Bee 2 (Gold, 8 GB)3.9789 Ratings & 123 Reviews1 GB RAM | 8 GB ROM |11.43 cm (4.5 inch) Display5MP Rear Camera2100 Battery12 Months on handset, 6 Months on battery , 6 Months on charger & 3 Months on data cable₹6,499EMI starting from ₹216/month","https://www.flipkart.com/honor-bee-2-gold-8-gb/p/itmevmkdbhwb2pxj?pid=MOBEVMKDGWGYUYHG&srno=b_3_67&otracker=CLP_filters&lid=LSTMOBEVMKDGWGYUYHGNT7ZWS&fm=organic&iid=c87b4899-310e-4344-80e8-6b4186fe3a61.MOBEVMKDGWGYUYHG.SEARCH","Honor Bee 2 (Gold, 8 GB)  (1 GB RAM)","₹6,499","null","2100 Battery","Themobilefirsthyd","null","Gold","1 GB","8 GB","12 Months on handset, 6 Months on battery , 6 Months on charger & 3 Months on data cable","3.9","null","null","null","null","All 123 reviews","https://www.flipkart.com/honor-bee-2-gold-8-gb/product-reviews/itmevmkdbhwb2pxj?pid=MOBEVMKDGWGYUYHG"
"1546973838-632","https://www.flipkart.com/search?p%5B%5D=facets.brand%255B%255D%3DHonor&sid=tyy%2F4io&otracker=CLP_filters&otracker=nmenu_sub_Electronics_0_Honor&page=3","Out Of StockAdd to CompareHonor 4X (Black, 8 GB)4.323,556 Ratings & 3,616 Reviews2 GB RAM | 8 GB ROM | Expandable Upto 32 GB13.97 cm (5.5 inch) HD Display13MP Rear Camera | 5MP Front Camera3000 BatteryQualcomm Snapdragon 410 MSM8916 Processor12 Months on handset, 6 Months on battery , 6 Months on charger & 3 Months on data cable₹9,999Up to ₹9,450 Off on ExchangeEMI starting from ₹333/monthOffersNo Cost EMI","https://www.flipkart.com/honor-4x-black-8-gb/p/itmeuyd9vg73gghm?pid=MOBE47FHEKGHN27Q&srno=b_3_59&otracker=CLP_filters&lid=LSTMOBE47FHEKGHN27QCSOLTP&fm=organic&iid=c2ae635b-fb0f-4cff-8c28-cbc4379f8cda.MOBE47FHEKGHN27Q.SEARCH","Honor 4X (Black, 8 GB)  (2 GB RAM)","₹9,999","null","3000 Battery","null","null","Black","2 GB","8 GB","12 Months on handset, 6 Months on battery , 6 Months on charger & 3 Months on data cable","4.3","4.4","4.1","4.8","3.7","All 3616 reviews","https://www.flipkart.com/honor-4x-black-8-gb/product-reviews/itmeuyd9vg73gghm?pid=MOBE47FHEKGHN27Q"
"1546973876-641","https://www.flipkart.com/search?p%5B%5D=facets.brand%255B%255D%3DHonor&sid=tyy%2F4io&otracker=CLP_filters&otracker=nmenu_sub_Electronics_0_Honor&page=3","Out Of StockAdd to CompareHonor 8X (Black, 64 GB)4.533 Ratings & 3 Reviews6 GB RAM | 64 GB ROM |41.94 cm (16.51 cm) Display20MP Rear Camera3750 Battery1 year manufacturer warranty for device and 6 months manufacturer warranty for in-box accessories including batteries from the date of purchase₹16,999EMI starting from ₹565/month","https://www.flipkart.com/honor-8x-black-64-gb/p/itmfa2pyt3uewh9w?pid=MOBFA2PYPQS8FHDA&srno=b_3_50&otracker=CLP_filters&lid=LSTMOBFA2PYPQS8FHDARBGZNS&fm=organic&iid=b4710af0-ba8c-4776-9c62-5fdb7e751f6f.MOBFA2PYPQS8FHDA.SEARCH","Honor 8X (Black, 64 GB)  (6 GB RAM)","₹16,999","null","3750 Battery","null","null","Black","6 GB","64 GB","1 year manufacturer warranty for device and 6 months manufacturer warranty for in-box accessories including batteries from the date of purchase","4.5","null","null","null","null","null",""
"1546974096-681","https://www.flipkart.com/search?p%5B%5D=facets.brand%255B%255D%3DHonor&sid=tyy%2F4io&otracker=CLP_filters&otracker=nmenu_sub_Electronics_0_Honor&page=1","ON OFFERAdd to CompareHonor 9N (Sapphire Blue, 64 GB)4.391,914 Ratings & 10,418 Reviews4 GB RAM | 64 GB ROM | Expandable Upto 256 GB14.83 cm (5.84 inches) Display13MP + 2MP | 16MP Front Camera3000 BatteryKirin 659 Octa Core ProcessorFull View Display with Notch12 Months on handset, 6 Months on battery , 6 Months on charger & 3 Months on data cable₹11,999₹15,99925% offUp to ₹11,000 Off on ExchangeEMI starting from ₹399/monthOffersNo Cost EMISpecial Price","https://www.flipkart.com/honor-9n-sapphire-blue-64-gb/p/itmf9pgsehv6nmss?pid=MOBF6NARU2TTTXBG&srno=b_1_10&otracker=CLP_filters&lid=LSTMOBF6NARU2TTTXBG35MWZK&fm=organic&iid=5e14b409-9cc2-4496-98f0-3e757610c10c.MOBF6NARU2TTTXBG.SEARCH","Honor 9N (Sapphire Blue, 64 GB)  (4 GB RAM)","₹11,999","2 Days, Friday","3000 Battery","IndiFlashMart","4.7","Sapphire Blue","4 GB","64 GB","12 Months on handset, 6 Months on battery , 6 Months on charger & 3 Months on data cable","4.3","3.8","2.5","4.4","4.6","All 10418 reviews","https://www.flipkart.com/honor-9n-sapphire-blue-64-gb/product-reviews/itmf9pgsehv6nmss?pid=MOBF6NARU2TTTXBG"
"1546974046-672","https://www.flipkart.com/search?p%5B%5D=facets.brand%255B%255D%3DHonor&sid=tyy%2F4io&otracker=CLP_filters&otracker=nmenu_sub_Electronics_0_Honor&page=1","Add to CompareHonor 9 Lite (Glacier Grey, 32 GB)4.33,87,091 Ratings & 61,097 Reviews3 GB RAM | 32 GB ROM | Expandable Upto 256 GB14.35 cm (5.65 inch) FHD+ Display13MP + 2MP | 13MP + 2MP Dual Front Camera3000 BatteryKirin 659 ProcessorFace UnlockRide Mode12 Months on handset, 6 Months on battery , 6 Months on charger & 3 Months on data cable₹12,000EMI starting from ₹399/month","https://www.flipkart.com/honor-9-lite-glacier-grey-32-gb/p/itmff5zgdeckztpk?pid=MOBFF5ZGTY7JHSDH&srno=b_1_19&otracker=CLP_filters&lid=LSTMOBFF5ZGTY7JHSDHIB9FID&fm=organic&iid=a183b10b-8766-4f54-8b66-ef9cec368782.MOBFF5ZGTY7JHSDH.SEARCH","Honor 9 Lite (Glacier Grey, 32 GB)  (3 GB RAM)","₹13,999","5-6 days","3000 Battery","POONAMOBILEWORLD","null","Glacier Grey","3 GB","32 GB","12 Months on handset, 6 Months on battery , 6 Months on charger & 3 Months on data cable","4.3","4.0","3.1","4.2","4.7","All 61097 reviews","https://www.flipkart.com/honor-9-lite-glacier-grey-32-gb/product-reviews/itmff5zgdeckztpk?pid=MOBFF5ZGTY7JHSDH"
"1546973834-631","https://www.flipkart.com/search?p%5B%5D=facets.brand%255B%255D%3DHonor&sid=tyy%2F4io&otracker=CLP_filters&otracker=nmenu_sub_Electronics_0_Honor&page=3","Out Of StockAdd to CompareHonor Bee (Black, 8 GB)3.924,822 Ratings & 2,504 Reviews1 GB RAM | 8 GB ROM | Expandable Upto 32 GB11.43 cm (4.5 inch) FWVGA Display8MP Rear Camera | 2MP Front Camera1730 BatterySpreadtrum SC7731 Cortex-A7 Quad Core 1.2GHz Processor12 Months on handset, 6 Months on battery , 6 Months on charger & 3 Months on data cable₹4,999Up to ₹4,700 Off on ExchangeEMI starting from ₹167/monthOffersNo Cost EMI","https://www.flipkart.com/honor-bee-black-8-gb/p/itmeuyd8fn3qgdkv?pid=MOBE5TZ9BYDYSUBF&srno=b_3_60&otracker=CLP_filters&lid=LSTMOBE5TZ9BYDYSUBFKL3X1F&fm=organic&iid=03872754-9734-4b71-8528-9e451316aa06.MOBE5TZ9BYDYSUBF.SEARCH","Honor Bee (Black, 8 GB)  (1 GB RAM)","₹4,999","null","1730 Battery","null","null","Black","1 GB","8 GB","12 Months on handset, 6 Months on battery , 6 Months on charger & 3 Months on data cable","3.9","null","null","null","null","All 2504 reviews","https://www.flipkart.com/honor-bee-black-8-gb/product-reviews/itmeuyd8fn3qgdkv?pid=MOBE5TZ9BYDYSUBF"
"1546973901-646","https://www.flipkart.com/search?p%5B%5D=facets.brand%255B%255D%3DHonor&sid=tyy%2F4io&otracker=CLP_filters&otracker=nmenu_sub_Electronics_0_Honor&page=2","Coming SoonAdd to CompareHonor Holly (Black/White, 16 GB)4.134,314 Ratings & 5,920 Reviews1 GB RAM | 16 GB ROM | Expandable Upto 32 GB12.7 cm (5 inch) HD Display8MP Rear Camera | 2MP Front Camera2000 Li-Polymer BatteryMT6582 Processor12 Months on handset, 6 Months on battery , 6 Months on charger & 3 Months on data cable₹5,999EMI starting from ₹200/monthOffersNo Cost EMI","https://www.flipkart.com/honor-holly-black-white-16-gb/p/itmeuyd8qgtbzmaz?pid=MOBEY39PGWFVQHQE&srno=b_2_45&otracker=CLP_filters&lid=LSTMOBEY39PGWFVQHQE1SA1NH&fm=organic&iid=f5cd1875-04b9-4284-a2cd-8d03eef44440.MOBEY39PGWFVQHQE.SEARCH","Honor Holly (Black/White, 16 GB)  (1 GB RAM)","₹5,999","null","2000 Li-Polymer Battery","OmniTechRetail","4.3","Black/White","1 GB","16 GB","12 Months on handset, 6 Months on battery , 6 Months on charger & 3 Months on data cable","4.1","null","null","null","null","All 5920 reviews","https://www.flipkart.com/honor-holly-black-white-16-gb/product-reviews/itmeuyd8qgtbzmaz?pid=MOBEY39PGWFVQHQE"
